ID,Benchmark,Candidate work,Year,ArXiv / DOI,Parsed arXiv,Parsed DOI,Found via,Match reason,Initial status,Link / notes,Paper available on arXiv,Audited arXiv ID,ArXiv URL,ArXiv evidence,ArXiv confidence,Benchmark numbers reported,Benchmark usage,Evaluation protocol,Demos per task,Reported benchmark numbers,Reported numbers evidence,Reported numbers confidence,Audit notes,Audit batch
LPRO-001,LIBERO-PRO,LIBERO-PRO: Towards Robust and Fair Evaluation of Vision-Language-Action Models Beyond Memorization,,arXiv `2510.03827`; DOI `10.48550/arXiv.2510.03827`,2510.03827,10.48550/arXiv.2510.03827,seed identity,Canonical benchmark seed work.,seed-work,URLs: https://arxiv.org/abs/2510.03827 Provenance: seed identity: arXiv:2510.03827,yes,2510.03827,https://arxiv.org/abs/2510.03827,arXiv abs page https://arxiv.org/abs/2510.03827 lists arXiv:2510.03827 with the exact row title and DOI 10.48550/arXiv.2510.03827.,high,yes,reports-results,"LIBERO-PRO perturbation suite over original LIBERO tasks, with object, initial-position/spatial, instruction/semantic/task, and environment perturbations; results reported for libero-goal, libero-spatial, libero-10, and libero-object.",not reported,Abstract reports existing models over 90% under standard LIBERO but 0.0% under the generalized LIBERO-PRO setting. Table 2 libero-goal averages include OpenVLA/Pi0/Pi0.5 position-change success 0.00/0.00/0.38 and task-change success 0.00/0.00/0.00. Table 3 libero-spatial position-change averages are 0.00/0.00/0.20. Table 4 libero-10 position-change averages are 0.00/0.00/0.08. Table 5 libero-object position-change averages are 0.00/0.00/0.17.,"arXiv PDF https://arxiv.org/pdf/2510.03827, Abstract; Section 5.2 Main Results; Tables 2-5.",high,Canonical LIBERO-PRO seed paper; benchmark_usage uses the allowed reports-results label because the seed paper reports numeric LIBERO-PRO results.,arxiv_result_audit_2026-05-22_double:libero_pro_batch_01:A+B
LPRO-002,LIBERO-PRO,TMRL: Diffusion Timestep-Modulated Pretraining Enables Exploration for Efficient Policy Finetuning,2026,arXiv `2605.12236`,2605.12236,,Semantic Scholar citation graph,Semantic Scholar lists this work as citing seed arXiv:2510.03827.,indexed-citation,URLs: https://www.semanticscholar.org/paper/9c40e5a3c617ace5a6fc0f2a46bd9d146c1b8dd6 IDs: S2 `9c40e5a3c617ace5a6fc0f2a46bd9d146c1b8dd6`; CorpusId `288255392` Provenance: Semantic Scholar citation endpoint for arXiv:2510.03827: citing paper record; S2 context: We then evaluate adaptation on two unseen tasks: a position-perturbed version of Libero-Goal task [54] and a task from the Libero-90 task suite.,yes,2605.12236,https://arxiv.org/abs/2605.12236,arXiv abs/html pages identify arXiv:2605.12236 with the row title and PDF watermark arXiv:2605.12236v1.,high,yes,reports-results,LIBERO image-based VLA fine-tuning with evaluation on a position-perturbed Libero-Goal task from Zhou et al. [LIBERO-PRO] and task 51 from Libero-90.,not reported,Figure 6 reports simulation RL success-rate curves; its caption states that on the libero-goal task TMRL and RLPD both reach 100% success. Appendix A-F defines this libero-goal task as the swap perturbation for Libero-Goal from Zhou et al. [LIBERO-PRO].,https://arxiv.org/html/2605.12236 Section VI-C says the paper evaluates a position-perturbed Libero-Goal task [54]; Figure 6 caption states TMRL and RLPD both reach 100% success on libero-goal; Appendix A-F states the evaluation uses the swap perturbation for Libero-Goal from Zhou et al. [54].,medium,"Counted because the paper's evaluated Libero-Goal perturbation is explicitly sourced to the LIBERO-PRO reference, although the result label in the figure is 'libero-goal' rather than 'LIBERO-PRO'.",arxiv_result_audit_2026-05-22_double:libero_pro_batch_01:A+B
LPRO-003,LIBERO-PRO,"The Scaling Law of Evaluation Failure: Why Simple Averaging Collapses Under Data Sparsity and Item Difficulty Gaps, and How Item Response Theory Recovers Ground Truth Across Domains",2026,arXiv `2605.11205`,2605.11205,,Semantic Scholar citation graph,Semantic Scholar lists this work as citing seed arXiv:2510.03827.,indexed-citation,"URLs: https://www.semanticscholar.org/paper/fbf2264be572e98d28b37426433b5eba0b3308cd IDs: S2 `fbf2264be572e98d28b37426433b5eba0b3308cd`; CorpusId `288257853` Provenance: Semantic Scholar citation endpoint for arXiv:2510.03827: citing paper record; S2 context: We estimate coverage well below 50% based on published evaluation tables: LIBERO-PRO Zhou et al. [2025] reports results for three VLA models across four perturbation axes, with substantial missing entries, and cross-paper comparison across the broader VLA lite",yes,2605.11205,https://arxiv.org/abs/2605.11205,arXiv abs/html pages identify arXiv:2605.11205 with the row title and PDF watermark arXiv:2605.11205v1.,high,no,citation-only,n/a,n/a,None,"https://arxiv.org/html/2605.11205 cites LIBERO-PRO as motivation/background for sparse Physical AI benchmark matrices and mentions seed-paper figures such as over-90% standard LIBERO and 0% perturbed success, but the paper's own experiments are synthetic IRT/simple-averaging simulations across NLP, clinical trials, autonomous vehicles, and cybersecurity rather than LIBERO-PRO benchmark evaluations.",high,Background numerical claims about the LIBERO-PRO seed paper were not counted as this paper reporting LIBERO-PRO benchmark results.,arxiv_result_audit_2026-05-22_double:libero_pro_batch_01:A+B
LPRO-004,LIBERO-PRO,TAVIS: A Benchmark for Egocentric Active Vision and Anticipatory Gaze in Imitation Learning,2026,arXiv `2605.07943`,2605.07943,,Semantic Scholar citation graph,Semantic Scholar lists this work as citing seed arXiv:2510.03827.,indexed-citation,"URLs: https://www.semanticscholar.org/paper/7b1997f81c38d44142a7054c5462233fe607087a IDs: S2 `7b1997f81c38d44142a7054c5462233fe607087a`; CorpusId `288147593` Provenance: Semantic Scholar citation endpoint for arXiv:2510.03827: citing paper record; S2 context: In the spirit of LIBERO-Pro Zhou et al. [2025] and LIBERO-Plus Fei et al. [2025] but on new tasks, robots, and with ray-traced rendering, we evaluate the multi-task π 0 headcam policies on the three TAVIS splits (Section 4; results in Figure 2c and Table 1).",yes,2605.07943,https://arxiv.org/abs/2605.07943,arXiv abs/html pages identify arXiv:2605.07943 with the row title and PDF watermark arXiv:2605.07943v1.,high,no,citation-only,n/a,n/a,None for LIBERO-PRO.,"arXiv PDF https://arxiv.org/pdf/2605.07943, Sections 4-5 say TAVIS OOD splits are in the spirit of LIBERO-Pro/LIBERO-Plus but on new tasks, robots, and ray-traced rendering. Tables/Figures report TAVIS success rates, not LIBERO-PRO results.",high,TAVIS reports its own benchmark numbers and cites LIBERO-PRO only as motivation for OOD split design.,arxiv_result_audit_2026-05-22_double:libero_pro_batch_01:A+B
LPRO-005,LIBERO-PRO,Seeing Realism from Simulation: Efficient Video Transfer for Vision-Language-Action Data Augmentation,2026,arXiv `2605.02757`,2605.02757,,Semantic Scholar citation graph,Semantic Scholar lists this work as citing seed arXiv:2510.03827.,indexed-citation,"URLs: https://www.semanticscholar.org/paper/754cfa5521aa109ab6a6f851912ba22bce6d463a IDs: S2 `754cfa5521aa109ab6a6f851912ba22bce6d463a`; CorpusId `287949844` Provenance: Semantic Scholar citation endpoint for arXiv:2510.03827: citing paper record; S2 context: Recent benchmarks quantify this brittleness: LIBERO-Plus (Fei et al., 2025) shows success rates dropping from 95% to under 30% with minor perturbations in object lay-out, camera angle, or lighting; LIBERO-PRO (Zhou et al., 2025b) reports near-zero accuracy whe",yes,2605.02757,https://arxiv.org/abs/2605.02757,arXiv abs/html pages identify arXiv:2605.02757 with the row title and PDF watermark arXiv:2605.02757v1.,high,no,citation-only,n/a,n/a,None for LIBERO-PRO.,"arXiv PDF https://arxiv.org/pdf/2605.02757, Section 3.1 cites LIBERO-PRO as reporting near-zero accuracy when object positions and instructions are modified. The paper's own experiments are on Robotwin 2.0, ordinary LIBERO, LIBERO-Plus, and a real robot; Appendix A.2/Table 11 report LIBERO-Plus, not LIBERO-PRO.",high,"The paper reports LIBERO-Plus numeric gains, including a 5.1% average improvement for pi0, but those are not LIBERO-PRO results.",arxiv_result_audit_2026-05-22_double:libero_pro_batch_01:A+B
LPRO-006,LIBERO-PRO,Atomic-Probe Governance for Skill Updates in Compositional Robot Policies,2026,arXiv `2604.26689`,2604.26689,,Semantic Scholar citation graph,Semantic Scholar lists this work as citing seed arXiv:2510.03827.,indexed-citation,URLs: https://www.semanticscholar.org/paper/27c9ab0827bbfbed9d444df665d441f663943801 IDs: S2 `27c9ab0827bbfbed9d444df665d441f663943801`; CorpusId `287902204` Provenance: Semantic Scholar citation endpoint for arXiv:2510.03827: citing paper record; S2 context: LIBERO [28] and its robustness extension LIBERO-PRO [29] probe language-conditioned policies across lifelong-learning suites.,yes,2604.26689,https://arxiv.org/abs/2604.26689,arXiv abs page https://arxiv.org/abs/2604.26689 lists arXiv:2604.26689 with the exact row title; the current version is v3.,high,no,citation-only,n/a,n/a,None for LIBERO-PRO.,arXiv HTML/PDF https://arxiv.org/html/2604.26689 and https://arxiv.org/pdf/2604.26689: Section 3.2 states the evaluated tasks are six robosuite tasks; Appendix F mentions LIBERO and its robustness extension LIBERO-PRO only in compositional-benchmark related work.,high,No LIBERO-PRO experiment or numeric LIBERO-PRO benchmark table found.,arxiv_result_audit_2026-05-22_double:libero_pro_batch_01:A+B
LPRO-007,LIBERO-PRO,The evolution of end-to-end Vision-Language-Action (VLA) architectures in robotics,2026,DOI `10.55092/rl20260010`,,10.55092/rl20260010,Semantic Scholar citation graph,Semantic Scholar lists this work as citing seed arXiv:2510.03827.,indexed-citation,"URLs: https://www.semanticscholar.org/paper/56836039a028e56560b03d23978783f131031366 IDs: S2 `56836039a028e56560b03d23978783f131031366`; CorpusId `287860009` Provenance: Semantic Scholar citation endpoint for arXiv:2510.03827: citing paper record; S2 context: Concurrently, studies like LIBERO-PRO [71] reveal the fragility of current models in complex language understanding.",no,,,"Official DOI page https://www.elspub.com/doi/10.55092/rl20260010 identifies the work as a Robot Learning review with DOI 10.55092/rl20260010 and provides a publisher PDF, but no arXiv ID. arXiv API exact-title searches for the title and title prefix returned totalResults=0, and exact-title web search found the publisher page rather than an arXiv page.",high,no,citation-only,n/a,n/a,None for LIBERO-PRO.,Publisher PDF https://pdf.elspublishing.com/paper/journal/open/RL/2026/rl20260010.pdf mentions LIBERO-PRO once in the main text as revealing fragility in complex language understanding and lists reference [71] to arXiv:2510.03827. It does not report numeric LIBERO-PRO benchmark results.,high,Publisher-only review article found; no defensible arXiv version located.,arxiv_result_audit_2026-05-22_double:libero_pro_batch_01:A+B
LPRO-008,LIBERO-PRO,Breaking Lock-In: Preserving Steerability under Low-Data VLA Post-Training,2026,arXiv `2604.23121`,2604.23121,,Semantic Scholar citation graph,Semantic Scholar lists this work as citing seed arXiv:2510.03827.,indexed-citation,"URLs: https://www.semanticscholar.org/paper/adf1b5338d41181f163306090407c6631baee755 IDs: S2 `adf1b5338d41181f163306090407c6631baee755`; CorpusId `287777164` Provenance: Semantic Scholar citation endpoint for arXiv:2510.03827: citing paper record; S2 context: …for standard supervised fine-tuning (SFT): it can learn the target skill from limited demonstrations, yet often over-specializes to the post-training data distribution, making the learned skill hard to steer under novel instructions beyond the post-training c",yes,2604.23121,https://arxiv.org/abs/2604.23121,arXiv abs/html pages identify arXiv:2604.23121 with the row title and PDF watermark arXiv:2604.23121v1.,high,no,citation-only,n/a,n/a,None for LIBERO-PRO.,"arXiv PDF https://arxiv.org/pdf/2604.23121: Introduction cites LIBERO-PRO and Appendix C says the simulation experiments use four environments from the ordinary LIBERO benchmark with 100 demonstrations per task. The numeric tables report the paper's lock-in evaluation suite, not LIBERO-PRO.",high,The work uses modified ordinary LIBERO simulation tasks and cites LIBERO-PRO as related robustness work; this is not a LIBERO-PRO evaluation.,arxiv_result_audit_2026-05-22_double:libero_pro_batch_01:A+B
LPRO-009,LIBERO-PRO,RedVLA: Physical Red Teaming for Vision-Language-Action Models,2026,arXiv `2604.22591`,2604.22591,,Semantic Scholar citation graph,Semantic Scholar lists this work as citing seed arXiv:2510.03827.,indexed-citation,"URLs: https://www.semanticscholar.org/paper/4391999707639a64bf33a192b67063fc03c4bb97 IDs: S2 `4391999707639a64bf33a192b67063fc03c4bb97`; CorpusId `287773778` Provenance: Semantic Scholar citation endpoint for arXiv:2510.03827: citing paper record; S2 context: Newer variants such as LIBERO-Pro (Zhou et al., 2025b) and LIBERO-Plus (Fei et al., 2025) further increase task difficulty and distribution diversity.",yes,2604.22591,https://arxiv.org/abs/2604.22591,arXiv abs/html pages identify arXiv:2604.22591 with the row title and PDF watermark arXiv:2604.22591v1.,high,no,citation-only,n/a,n/a,None for LIBERO-PRO.,"arXiv PDF https://arxiv.org/pdf/2604.22591: Section 4 states experiments are conducted on the widely adopted LIBERO benchmark with injected risk factors; Table 1 reports RedVLA ASR/SR safety metrics. Appendix related work says newer variants such as LIBERO-Pro and LIBERO-Plus increase difficulty, but no numeric LIBERO-PRO benchmark results are reported.",high,"The paper uses LIBERO-derived risk scenarios and cites LIBERO-PRO, but reports RedVLA safety metrics rather than LIBERO-PRO benchmark performance.",arxiv_result_audit_2026-05-22_double:libero_pro_batch_01:A+B
LPRO-010,LIBERO-PRO,"Vision-Language-Action in Robotics: A Survey of Datasets, Benchmarks, and Data Engines",2026,arXiv `2604.23001`,2604.23001,,Semantic Scholar citation graph,Semantic Scholar lists this work as citing seed arXiv:2510.03827.,indexed-citation,URLs: https://www.semanticscholar.org/paper/243c6e23d30f0da8f4a0579de16850f4a82eb2f2 IDs: S2 `243c6e23d30f0da8f4a0579de16850f4a82eb2f2`; CorpusId `287777411` Provenance: Semantic Scholar citation endpoint for arXiv:2510.03827: citing paper record,yes,2604.23001,https://arxiv.org/abs/2604.23001,arXiv abs/html pages identify arXiv:2604.23001 with the row title and PDF watermark arXiv:2604.23001v1.,high,no,citation-only,n/a,n/a,None for LIBERO-PRO.,"arXiv PDF https://arxiv.org/pdf/2604.23001: Figure 1/timeline includes LIBERO-PRO and Section 4.1 says works built on LIBERO include LIBERO-plus, LIBERO-PRO, and LIBERO-X. The work is a survey and does not run or report numeric LIBERO-PRO evaluations.",high,Survey/citation-only use of the named benchmark.,arxiv_result_audit_2026-05-22_double:libero_pro_batch_01:A+B
LPRO-011,LIBERO-PRO,OmniVLA-RL: A Vision-Language-Action Model with Spatial Understanding and Online RL,2026,arXiv `2604.17706`,2604.17706,,Semantic Scholar citation graph,Semantic Scholar lists this work as citing seed arXiv:2510.03827.,indexed-citation,"URLs: https://www.semanticscholar.org/paper/963570c6097b8f3e523698f3ebd82a50c6f184e0 IDs: S2 `963570c6097b8f3e523698f3ebd82a50c6f184e0`; CorpusId `287635565` Provenance: Semantic Scholar citation endpoint for arXiv:2510.03827: citing paper record; S2 context: Compared to LIBERO, LIBERO-Plus tasks involve longer action horizons, denser object interactions, and stricter spatial precision requirements.",yes,2604.17706,https://arxiv.org/abs/2604.17706,arXiv:2604.17706 abs page lists the exact candidate title and matching authors; the paper PDF is available from arXiv.,high,no,citation-only,n/a,n/a,None,"arXiv PDF reports numeric results on ordinary LIBERO and LIBERO-Plus (Table 1, Figure 4, Table 2), while the only LIBERO-PRO occurrence found is the reference entry for the LIBERO-PRO paper; no numeric LIBERO-PRO result is reported.",high,Do not count the reported LIBERO-Plus results as LIBERO-PRO; the paper treats LIBERO-Plus as the harder benchmark in its experiments.,arxiv_result_audit_2026-05-22_double:libero_pro_batch_02:A+B
LPRO-012,LIBERO-PRO,Unmasking the Illusion of Embodied Reasoning in Vision-Language-Action Models,2026,arXiv `2604.18000`,2604.18000,,Semantic Scholar citation graph,Semantic Scholar lists this work as citing seed arXiv:2510.03827.,indexed-citation,"URLs: https://www.semanticscholar.org/paper/69316511ece6f00ee95461cb658448303db67de0 IDs: S2 `69316511ece6f00ee95461cb658448303db67de0`; CorpusId `287634630` Provenance: Semantic Scholar citation endpoint for arXiv:2510.03827: citing paper record; S2 context: Recent robustness-oriented benchmarks, such as LIBERO-Plus [16] and LIBERO-PRO [17], take important steps toward evaluating policies under distribution shifts.",yes,2604.18000,https://arxiv.org/abs/2604.18000,arXiv:2604.18000 abs page lists the exact candidate title and matching authors; the paper PDF is available from arXiv.,high,no,citation-only,n/a,n/a,None,"arXiv PDF mentions LIBERO-Plus and LIBERO-PRO as robustness-oriented benchmarks in background, but the numeric benchmark table is LIBERO and CALVIN (Table 4); no numeric LIBERO-PRO result is reported.",high,Background/citation mention only for LIBERO-PRO; reported LIBERO numbers are ordinary LIBERO suites.,arxiv_result_audit_2026-05-22_double:libero_pro_batch_02:A+B
LPRO-013,LIBERO-PRO,Grounded World Model for Semantically Generalizable Planning,2026,arXiv `2604.11751`,2604.11751,,Semantic Scholar citation graph,Semantic Scholar lists this work as citing seed arXiv:2510.03827.,indexed-citation,"URLs: https://www.semanticscholar.org/paper/e35b813cc02de46eb1ef09882418454c0cbdf1b6 IDs: S2 `e35b813cc02de46eb1ef09882418454c0cbdf1b6`; CorpusId `287432668` Provenance: Semantic Scholar citation endpoint for arXiv:2510.03827: citing paper record; S2 context: Most benchmarks collect data on evaluation or test scenarios [41, 12, 65, 40, 35], where the distribution gap between training and testing consists only of visual interference and trivial object pose perturbations.",yes,2604.11751,https://arxiv.org/abs/2604.11751,arXiv:2604.11751 abs page lists the exact candidate title and matching authors; the paper PDF is available from arXiv.,high,no,citation-only,n/a,n/a,None,"LIBERO-PRO appears in the references as arXiv:2510.03827. The paper's reported experiments are on WISER, with only an auxiliary zero-shot GT-MPC check on LIBERO-goal, not LIBERO-PRO.",high,Ordinary LIBERO-goal evidence was not counted as LIBERO-PRO.,arxiv_result_audit_2026-05-22_double:libero_pro_batch_02:A+B
LPRO-014,LIBERO-PRO,RoboLab: A High-Fidelity Simulation Benchmark for Analysis of Task Generalist Policies,2026,arXiv `2604.09860`,2604.09860,,Semantic Scholar citation graph,Semantic Scholar lists this work as citing seed arXiv:2510.03827.,indexed-citation,URLs: https://www.semanticscholar.org/paper/4a0e21475dfe488e745aac8776bd1b9e2c1c99af IDs: S2 `4a0e21475dfe488e745aac8776bd1b9e2c1c99af`; CorpusId `287425311` Provenance: Semantic Scholar citation endpoint for arXiv:2510.03827: citing paper record; S2 context: This matches prior observations on out-of-domain generalization for VLAs [35].,yes,2604.09860,https://arxiv.org/abs/2604.09860,arXiv:2604.09860 abs page lists the exact candidate title and matching authors; the paper PDF is available from arXiv.,high,no,citation-only,n/a,n/a,None,arXiv PDF reports the RoboLab/RoboLab-120 benchmark and policy analyses; LIBERO appears as a related benchmark and LIBERO-PRO appears only in the references. No numeric LIBERO-PRO result is reported.,high,RoboLab benchmark numbers are out of scope for this LIBERO-PRO row.,arxiv_result_audit_2026-05-22_double:libero_pro_batch_02:A+B
LPRO-015,LIBERO-PRO,Uncovering Linguistic Fragility in Vision-Language-Action Models via Diversity-Aware Red Teaming,2026,arXiv `2604.05595`,2604.05595,,Semantic Scholar citation graph,Semantic Scholar lists this work as citing seed arXiv:2510.03827.,indexed-citation,"URLs: https://www.semanticscholar.org/paper/c76df655a1ead59b9496c7e4a38722fd62cedb7a IDs: S2 `c76df655a1ead59b9496c7e4a38722fd62cedb7a`; CorpusId `287208094` Provenance: Semantic Scholar citation endpoint for arXiv:2510.03827: citing paper record; S2 context: Recent studies indicate that performance degrades sharply under natural language variations, such as syn-onymous rephrasing or syntactic restructuring, even when the underlying task semantics remain unchanged [37, 7, 13].",yes,2604.05595,https://arxiv.org/abs/2604.05595,arXiv:2604.05595 abs page lists the exact candidate title and matching authors; the paper PDF is available from arXiv.,high,no,citation-only,n/a,n/a,None,arXiv PDF reports quantitative results on the ordinary LIBERO benchmark (Tables 1-3) and other benchmarks; LIBERO-PRO appears only in the references. No numeric LIBERO-PRO result is reported.,high,"Reported adversarial-instruction success rates are on ordinary LIBERO, not LIBERO-PRO.",arxiv_result_audit_2026-05-22_double:libero_pro_batch_02:A+B
LPRO-016,LIBERO-PRO,Adaptive Action Chunking at Inference-time for Vision-Language-Action Models,2026,arXiv `2604.04161`,2604.04161,,Semantic Scholar citation graph,Semantic Scholar lists this work as citing seed arXiv:2510.03827.,indexed-citation,URLs: https://www.semanticscholar.org/paper/e9c03c3a3da64703583673c0f189e0a2b3b4c196 IDs: S2 `e9c03c3a3da64703583673c0f189e0a2b3b4c196`; CorpusId `287202540` Provenance: Semantic Scholar citation endpoint for arXiv:2510.03827: citing paper record; S2 context: 5 1 [4]) on LIBERO and LIBERO Pro [50] benchmarks.,yes,2604.04161,https://arxiv.org/abs/2604.04161,arXiv:2604.04161 abs page lists the exact candidate title and matching authors; the paper PDF is available from arXiv.,high,yes,reports-results,"LIBERO-Pro position perturbation subset; perturbation levels x0.2, x0.3, and x0.4; success rates.",not reported,"Table 3 success rates (%): GR00T 11.3/0.4/0.0, Avg. 3.9; GR00T+AAC 17.9/0.9/0.0, Avg. 6.3; pi0.5 53.2/29.9/9.5, Avg. 30.9; pi0.5+AAC 57.4/35.3/11.8, Avg. 34.8.",PDF Sec. 5.1.5 says AAC is applied on LIBERO Pro and evaluates OOD tasks using the position perturbation subset of LIBERO-Pro; Table 3 is titled 'Success rates (%) on LIBERO-Pro [50]'.,high,"The paper states 50 rollouts per task for LIBERO generally, but does not state demos per task for the LIBERO-Pro subset.",arxiv_result_audit_2026-05-22_double:libero_pro_batch_02:A+B
LPRO-017,LIBERO-PRO,Boosting Vision-Language-Action Finetuning with Feasible Action Neighborhood Prior,2026,arXiv `2604.01570`,2604.01570,,Semantic Scholar citation graph,Semantic Scholar lists this work as citing seed arXiv:2510.03827.,indexed-citation,"URLs: https://www.semanticscholar.org/paper/e23470026c4affa97155aa7309986d652985182a IDs: S2 `e23470026c4affa97155aa7309986d652985182a`; CorpusId `287072148` Provenance: Semantic Scholar citation endpoint for arXiv:2510.03827: citing paper record; S2 context: Additionally, we follow the setting of LIBERO-PRO [56] and introduce varying degrees of spatial perturbations into the task setup to evaluate the model’s generalization under position-shifted OOD conditions.",yes,2604.01570,https://arxiv.org/abs/2604.01570,arXiv:2604.01570 abs page lists the exact candidate title and matching authors; the paper PDF is available from arXiv.,high,no,uses-data-no-results,n/a,n/a,None,"arXiv PDF says the authors fine-tune on LIBERO-Spatial and 'follow the setting of LIBERO-PRO' by introducing spatial perturbations, but the numeric tables are labeled ManiSkill or ordinary LIBERO (e.g. Table 10 'Detailed SFT results on the LIBERO Benchmark'); no table or figure reports official LIBERO-PRO benchmark numbers.",medium,"Ambiguous use of the LIBERO-PRO setting, but the reported numbers are for custom perturbed LIBERO-Spatial/ordinary LIBERO, so they should not be merged as LIBERO-PRO results.",arxiv_result_audit_2026-05-22_double:libero_pro_batch_02:A+B
LPRO-018,LIBERO-PRO,CLaD: Planning with Grounded Foresight via Cross-Modal Latent Dynamics,2026,arXiv `2603.29409`,2603.29409,,Semantic Scholar citation graph,Semantic Scholar lists this work as citing seed arXiv:2510.03827.,indexed-citation,URLs: https://www.semanticscholar.org/paper/579e5d81ad07fb6a70f1d8591ce4356769b193c4 IDs: S2 `579e5d81ad07fb6a70f1d8591ce4356769b193c4`; CorpusId `286977254` Provenance: Semantic Scholar citation endpoint for arXiv:2510.03827: citing paper record; S2 context: The results are reported in LIBERO-PRO [48] as primary papers report only the average success rate.,yes,2603.29409,https://arxiv.org/abs/2603.29409,arXiv:2603.29409 abs page lists the exact candidate title and matching authors; the paper PDF is available from arXiv.,high,no,citation-only,n/a,n/a,None,"arXiv PDF Table 1 is explicitly 'Performance comparison on LIBERO-LONG benchmark.' A footnote says some baseline task-level results are reported in LIBERO-PRO, but the numeric benchmark being tabulated is LIBERO-LONG, not LIBERO-PRO.",medium,"The footnote is merge-relevant: the paper uses LIBERO-PRO as a source for baseline task-level LIBERO-LONG numbers, but does not evaluate/report LIBERO-PRO.",arxiv_result_audit_2026-05-22_double:libero_pro_batch_02:A+B
LPRO-019,LIBERO-PRO,"$\pi$, But Make It Fly: Physics-Guided Transfer of VLA Models to Aerial Manipulation",2026,arXiv `2603.25038`,2603.25038,,Semantic Scholar citation graph,Semantic Scholar lists this work as citing seed arXiv:2510.03827.,indexed-citation,"URLs: https://www.semanticscholar.org/paper/07826bac851ec96646f28fda1cef6ef4df035b6c IDs: S2 `07826bac851ec96646f28fda1cef6ef4df035b6c`; CorpusId `286789525` Provenance: Semantic Scholar citation endpoint for arXiv:2510.03827: citing paper record; S2 context: This interpretation is consistent with recent results showing that VLA models do not typically exhibit generalized zero-shot behavior after supervised fine-tuning, especially in the small-data regime [15, 48].",yes,2603.25038,https://arxiv.org/abs/2603.25038,"arXiv:2603.25038 abs page lists the same work, with the title rendered as '$\pi$, But Make It Fly: Physics-Guided Transfer of VLA Models to Aerial Manipulation'; the paper PDF is available from arXiv.",high,no,citation-only,n/a,n/a,None,arXiv PDF reports AirVLA aerial manipulation/navigation experiments; LIBERO-PRO appears only in the references. No numeric LIBERO-PRO result is reported.,high,"Reported success rates are real-world aerial manipulation/navigation results, not LIBERO-PRO.",arxiv_result_audit_2026-05-22_double:libero_pro_batch_02:A+B
LPRO-020,LIBERO-PRO,SOMA: Strategic Orchestration and Memory-Augmented System for Vision-Language-Action Model Robustness via In-Context Adaptation,2026,arXiv `2603.24060`,2603.24060,,Semantic Scholar citation graph,Semantic Scholar lists this work as citing seed arXiv:2510.03827.,indexed-citation,URLs: https://www.semanticscholar.org/paper/b446a0c66654018b99b91155227439651f4d6437 IDs: S2 `b446a0c66654018b99b91155227439651f4d6437`; CorpusId `286776280` Provenance: Semantic Scholar citation endpoint for arXiv:2510.03827: citing paper record; S2 context: …analyzes these contrastive pairs to diagnose whether a failure stems from perceptual ambiguity Empirical evaluations across the standard LIBERO-PRO [7] benchmark and our custom LIBERO-SOMA suite demonstrate that our framework consistently enhances in-context,yes,2603.24060,https://arxiv.org/abs/2603.24060,arXiv:2603.24060 abs page lists the exact candidate title and matching authors; the paper PDF is available from arXiv.,high,yes,reports-results,LIBERO-PRO Pos and LIBERO-PRO Task variations; success rates under layout and semantic shifts,not reported,"Table II LIBERO-PRO averages: Pos pi0.5 base 2.33%, w/ SOMA 57.2%; Task pi0.5 base 0.86%, w/ SOMA 55.2%. Table II also lists task-level success rates, including Pos tasks such as 0%->97.0% for P.(center, pl.) and Task tasks such as 2%->100.0% for P.(on(r), pl.).",arXiv PDF Table II is titled 'Performance on LIBERO-PRO' and reports success rates under layout (Pos) and semantic (Task) shifts; Section IV-B explicitly summarizes the LIBERO-PRO Pos and Task averages.,high,"Paper reports 199 randomized rollouts per task for evaluation, but does not state demonstrations per task for the reported LIBERO-PRO results.",arxiv_result_audit_2026-05-22_double:libero_pro_batch_02:A+B
LPRO-021,LIBERO-PRO,VP-VLA: Visual Prompting as an Interface for Vision-Language-Action Models,2026,arXiv `2603.22003`,2603.22003,,Semantic Scholar citation graph,Semantic Scholar lists this work as citing seed arXiv:2510.03827.,indexed-citation,"URLs: https://www.semanticscholar.org/paper/37d2054b9078b7195851852638367d1e7c171c06 IDs: S2 `37d2054b9078b7195851852638367d1e7c171c06`; CorpusId `286765727` Provenance: Semantic Scholar citation endpoint for arXiv:2510.03827: citing paper record; S2 context: This is evidenced by recent findings [4, 5] showing that substituting meaningful language with gibberish barely affects performance.",yes,2603.22003,https://arxiv.org/abs/2603.22003,The arXiv abs page https://arxiv.org/abs/2603.22003 has citation_title matching the row title and citation_arxiv_id 2603.22003.,high,no,citation-only,n/a,n/a,None,"The arXiv PDF/HTML cite LIBERO-PRO as prior evidence of VLA brittleness, but the experiment sections report RoboCasa-GR1-Tabletop, SimplerEnv, and real-world evaluations, not LIBERO-PRO numeric results.",high,Do not count the background citation to LIBERO-PRO or results on RoboCasa/SimplerEnv as LIBERO-PRO results.,arxiv_result_audit_2026-05-22_double:libero_pro_batch_03:A+B
LPRO-022,LIBERO-PRO,Sparse Autoencoders Reveal Interpretable and Steerable Features in VLA Models,2026,arXiv `2603.19183`,2603.19183,,Semantic Scholar citation graph,Semantic Scholar lists this work as citing seed arXiv:2510.03827.,indexed-citation,URLs: https://www.semanticscholar.org/paper/2e5d85d884573733c4c261c4be6c37eb3931d988 IDs: S2 `2e5d85d884573733c4c261c4be6c37eb3931d988`; CorpusId `286673529` Provenance: Semantic Scholar citation endpoint for arXiv:2510.03827: citing paper record; S2 context: LIBERO-PRO [10] finds that the standard LIBERO benchmark [8] overestimates performance.,yes,2603.19183,https://arxiv.org/abs/2603.19183,The arXiv abs page https://arxiv.org/abs/2603.19183 has citation_title matching the row title and citation_arxiv_id 2603.19183.,high,no,citation-only,n/a,n/a,None for LIBERO-PRO.,"arXiv PDF https://arxiv.org/pdf/2603.19183 mentions LIBERO-PRO in introduction/related-work discussion, then reports SAE interpretability, model-wide feature classification, and steering experiments on ordinary LIBERO/DROID data, not LIBERO-PRO.",high,The paper uses ordinary LIBERO activations/datasets; that is not a LIBERO-PRO result.,arxiv_result_audit_2026-05-22_double:libero_pro_batch_03:A+B
LPRO-023,LIBERO-PRO,Not All Features Are Created Equal: A Mechanistic Study of Vision-Language-Action Models,2026,arXiv `2603.19233`,2603.19233,,Semantic Scholar citation graph,Semantic Scholar lists this work as citing seed arXiv:2510.03827.,indexed-citation,URLs: https://www.semanticscholar.org/paper/e12b55e570c9d6613d7fb84f7d393775040d071c IDs: S2 `e12b55e570c9d6613d7fb84f7d393775040d071c`; CorpusId `286673480` Provenance: Semantic Scholar citation endpoint for arXiv:2510.03827: citing paper record,yes,2603.19233,https://arxiv.org/abs/2603.19233,The arXiv abs page https://arxiv.org/abs/2603.19233 has citation_title matching the row title and citation_arxiv_id 2603.19233.,high,no,citation-only,n/a,n/a,None for LIBERO-PRO.,"arXiv PDF https://arxiv.org/pdf/2603.19233 describes experiments over LIBERO, MetaWorld, SimplerEnv, and ALOHA; LIBERO-PRO appears as prior robustness motivation/reference, not as an evaluated benchmark table.",high,Background numeric statements about prior perturbation papers are citation context and should not be counted as this paper reporting LIBERO-PRO results.,arxiv_result_audit_2026-05-22_double:libero_pro_batch_03:A+B
LPRO-024,LIBERO-PRO,vla-eval: A Unified Evaluation Harness for Vision-Language-Action Models,2026,arXiv `2603.13966`,2603.13966,,Semantic Scholar citation graph,Semantic Scholar lists this work as citing seed arXiv:2510.03827.,indexed-citation,URLs: https://www.semanticscholar.org/paper/cb522f52c35d3e97ef569366699e2c8ba51c394b IDs: S2 `cb522f52c35d3e97ef569366699e2c8ba51c394b`; CorpusId `286572551` Provenance: Semantic Scholar citation endpoint for arXiv:2510.03827: citing paper record; S2 context: …11.3GB 7D I Kinetix [11] 9.5GB 6D I RoboCasa [12] 35.6GB 7D I VLABench [13] 17.7GB 7D I MIKASA-Robo [14] 10.1GB 8D I RoboTwin 2.0 [15] 28.6GB 14D I RLBench [16] 4.7GB 8D I RoboCerebra [17] 6.3GB 7D I LIBERO-Pro [18] 6. vla-eval serve --config model_server.yam,yes,2603.13966,https://arxiv.org/abs/2603.13966,The arXiv abs page https://arxiv.org/abs/2603.13966 has citation_title matching the row title and citation_arxiv_id 2603.13966.,high,no,uses-data-no-results,n/a,n/a,None for LIBERO-PRO.,"arXiv PDF https://arxiv.org/pdf/2603.13966 Table I lists LIBERO-Pro as an integrated-but-not-cross-validated supported benchmark; Table II validates/reproduces only LIBERO, CALVIN, and SimplerEnv.",high,"Counted as harness support/integration for LIBERO-Pro, not numeric LIBERO-PRO evaluation.",arxiv_result_audit_2026-05-22_double:libero_pro_batch_03:A+B
LPRO-025,LIBERO-PRO,RoboRouter: Training-Free Policy Routing for Robotic Manipulation,2026,arXiv `2603.07892`,2603.07892,,Semantic Scholar citation graph,Semantic Scholar lists this work as citing seed arXiv:2510.03827.,indexed-citation,"URLs: https://www.semanticscholar.org/paper/cc98561fddf03e2713332a39c83894cc7d2cd7e5 IDs: S2 `cc98561fddf03e2713332a39c83894cc7d2cd7e5`; CorpusId `286376766` Provenance: Semantic Scholar citation endpoint for arXiv:2510.03827: citing paper record; S2 context: VLA models perform well within their training distribution and become particularly strong after reinforcement learning post-training [27], but suffer significant performance degradation on out-of-distribution tasks [85].",yes,2603.07892,https://arxiv.org/abs/2603.07892,arXiv abs page https://arxiv.org/abs/2603.07892 lists arXiv:2603.07892 and the exact title; the submission history notes withdrawn v2 but current v3 is accessible.,high,no,citation-only,n/a,n/a,None for LIBERO-PRO.,arXiv PDF https://arxiv.org/pdf/2603.07892 evaluates RoboTwin 2.0 and real-world tasks in Section 4/Tables 1-6; LIBERO-PRO appears only as cited prior work about VLA degradation on OOD tasks.,high,"The arXiv record comment says the authors needed to withdraw due to incorrect references, but the same work is still available on arXiv.",arxiv_result_audit_2026-05-22_double:libero_pro_batch_03:A+B
LPRO-026,LIBERO-PRO,AtomVLA: Scalable Post-Training for Robotic Manipulation via Predictive Latent World Models,2026,arXiv `2603.08519`,2603.08519,,Semantic Scholar citation graph,Semantic Scholar lists this work as citing seed arXiv:2510.03827.,indexed-citation,"URLs: https://www.semanticscholar.org/paper/a657af74b433d15cb84db00bf850ad65dca9046c IDs: S2 `a657af74b433d15cb84db00bf850ad65dca9046c`; CorpusId `286376681` Provenance: Semantic Scholar citation endpoint for arXiv:2510.03827: citing paper record; S2 context: We evaluate AtomVLA on two widely used simulation benchmarks, LIBERO [31] and LIBERO-PRO [32].",yes,2603.08519,https://arxiv.org/abs/2603.08519,The arXiv abs page https://arxiv.org/abs/2603.08519 has citation_title matching the row title and citation_arxiv_id 2603.08519.,high,yes,reports-results,"LIBERO-PRO robustness evaluation with success rate (SR), evaluated 50 times per task; perturbation dimensions Obj, Pos, Sem, and Task are reported for LIBERO-Goal, LIBERO-Spatial, LIBERO-10, and LIBERO-Object.",The paper states that each LIBERO task suite contains 500 expert demonstrations across 10 tasks; no LIBERO-PRO demonstration count is stated.,"Table IV success-rate fractions. AtomVLA: Goal Obj/Pos/Sem/Task = 0.81/0.02/0.98/0.11; Spatial = 0.95/0.16/0.95/0.01; LIBERO-10 = 0.55/0.01/0.95/0.09; Object = 0.93/0.10/0.99/0.00; Avg = 0.48. Baseline averages in the same table: pi0 0.45, MolmoAct 0.41, NORA 0.39, X-VLA 0.46.","arXiv PDF https://arxiv.org/pdf/2603.08519: experimental setup says AtomVLA is evaluated on LIBERO and LIBERO-PRO with success rate, and Table IV is titled comparisons on the LIBERO-PRO benchmark.",high,The abstract also summarizes AtomVLA as achieving 48.0% average success on LIBERO-PRO; Table IV values are fractions matching that average.,arxiv_result_audit_2026-05-22_double:libero_pro_batch_03:A+B
LPRO-027,LIBERO-PRO,"Act, Think or Abstain: Complexity-Aware Adaptive Inference for Vision-Language-Action Models",2026,arXiv `2603.05147`,2603.05147,,Semantic Scholar citation graph,Semantic Scholar lists this work as citing seed arXiv:2510.03827.,indexed-citation,"URLs: https://www.semanticscholar.org/paper/fd950747191f3a31fe8dba791232d92e13b34535 IDs: S2 `fd950747191f3a31fe8dba791232d92e13b34535`; CorpusId `286256350` Provenance: Semantic Scholar citation endpoint for arXiv:2510.03827: citing paper record; S2 context: For partially OOD tasks related to the Think option, we employ LIBERO-PRO [26], which introduces five types of perturbations (i.e., object, position, semantic, task, and environment) that significantly hinder baseline VLA performance.",yes,2603.05147,https://arxiv.org/abs/2603.05147,The arXiv abs page https://arxiv.org/abs/2603.05147 has citation_title matching the row title and citation_arxiv_id 2603.05147.,high,yes,reports-results,LIBERO plus LIBERO-PRO adaptive inference evaluation. Section III-D uses ordinary LIBERO as ID and LIBERO-PRO as partially OOD; Section IV-D/Table I reports SR (%) for LIBERO-PRO variants language/object/swap/task by suite.,not reported,"Table I LIBERO-PRO SR (%) for Ours vs SmolVLA_LIBERO. Goal: language 90.00 vs 90.00, object 60.00 vs 60.00, swap 0.00 vs 0.00, task 6.67 vs 6.67. Object: language 96.67 vs 90.67, object 66.67 vs 63.33, swap 3.33 vs 0.00, task 0.00 vs 0.00. Spatial: language 76.67 vs 73.33, object 73.33 vs 70.00, swap 0.00 vs 0.00, task 3.33 vs 0.00. Long: language 50.00 vs 43.33, object 16.67 vs 13.33, swap 0.00 vs 0.00, task 0.00 vs 0.00.","arXiv PDF https://arxiv.org/pdf/2603.05147, Section III-D states LIBERO-PRO provides partial-OOD perturbations and Section IV-D/Table I is titled 'Performance across LIBERO and LIBERO_PRO benchmarks' with SR (%) and Act/Think/Abstain counts.",high,Table's 'base' rows appear to be ordinary LIBERO; the language/object/swap/task rows are counted as LIBERO-PRO perturbation variants.,arxiv_result_audit_2026-05-22_double:libero_pro_batch_03:A+B
LPRO-028,LIBERO-PRO,LangGap: Diagnosing and Closing the Language Gap in Vision-Language-Action Models,2026,arXiv `2603.00592`; DOI `10.48550/arXiv.2603.00592`,2603.00592,10.48550/arXiv.2603.00592,Semantic Scholar citation graph,Semantic Scholar lists this work as citing seed arXiv:2510.03827.,indexed-citation,URLs: https://www.semanticscholar.org/paper/7bc2725c285306ef074685e54703bdc1af2ed3b4 IDs: S2 `7bc2725c285306ef074685e54703bdc1af2ed3b4`; CorpusId `286222955`; DBLP `journals/corr/abs-2603-00592` Provenance: Semantic Scholar citation endpoint for arXiv:2510.03827: citing paper record; S2 context: LIBERO-PRO [2] finds that models produce identical trajectories even when given meaningless text; LIBERO-Plus [3] tests seven perturbation types (including surface-level changes like paraphrasing) and finds that language perturbations cause the second smallest,yes,2603.00592,https://arxiv.org/abs/2603.00592,The arXiv abs page https://arxiv.org/abs/2603.00592 has citation_title matching the row title and citation_arxiv_id 2603.00592.,high,no,citation-only,n/a,n/a,None for LIBERO-PRO.,"arXiv PDF https://arxiv.org/pdf/2603.00592 cites LIBERO-PRO as prior evidence of language neglect/robustness testing, but Sections III-IV construct and evaluate LangGap using ordinary LIBERO scenes and extended tasks; Tables III-VIII report LangGap/LIBERO-derived numbers, not LIBERO-PRO results.",high,Do not count LangGap benchmark statistics or ordinary LIBERO extended-task results as LIBERO-PRO.,arxiv_result_audit_2026-05-22_double:libero_pro_batch_03:A+B
LPRO-029,LIBERO-PRO,SimVLA: A Simple VLA Baseline for Robotic Manipulation,2026,arXiv `2602.18224`; DOI `10.48550/arXiv.2602.18224`,2602.18224,10.48550/arXiv.2602.18224,Semantic Scholar citation graph,Semantic Scholar lists this work as citing seed arXiv:2510.03827.,indexed-citation,URLs: https://www.semanticscholar.org/paper/3567101d9954c14ff87fe57f3ed025d2b9581d2d IDs: S2 `3567101d9954c14ff87fe57f3ed025d2b9581d2d`; CorpusId `285872529`; DBLP `journals/corr/abs-2602-18224` Provenance: Semantic Scholar citation endpoint for arXiv:2510.03827: citing paper record,yes,2602.18224,https://arxiv.org/abs/2602.18224,The arXiv abs page https://arxiv.org/abs/2602.18224 has citation_title matching the row title and citation_arxiv_id 2602.18224.,high,yes,reports-results,Zero-shot LIBERO-PRO robustness evaluation. Section 4.1.1 says a policy trained on the union of standard LIBERO datasets is directly evaluated on LIBERO-PRO without additional fine-tuning; Table 3 reports success rate (%) for Ori/Obj/Pos/Sem/Task perturbation dimensions by suite.,not reported for LIBERO-PRO; paper states each standard LIBERO suite has 10 tasks with 500 expert demonstrations each.,Table 3 LIBERO-PRO success rates (%). SimVLA: Spatial Ori/Obj/Pos/Sem/Task = 99.0/98.0/29.0/98.0/0.0; Object = 100.0/85.0/1.0/100.0/4.0; Goal = 99.0/82.0/0.0/99.0/10.0; Long = 96.0/61.0/3.0/98.0/10.0. The table also lists OpenVLA and pi0.5 baselines.,"arXiv PDF https://arxiv.org/pdf/2602.18224, Section 4.1.1 describes direct LIBERO-PRO evaluation; Table 3 is titled 'Robustness evaluation on the LIBERO-PRO benchmark' and reports success rate (%) across perturbation dimensions.",high,Clear LIBERO-PRO result-reporting row.,arxiv_result_audit_2026-05-22_double:libero_pro_batch_03:A+B
LPRO-030,LIBERO-PRO,Steerable Vision-Language-Action Policies for Embodied Reasoning and Hierarchical Control,2026,arXiv `2602.13193`; DOI `10.48550/arXiv.2602.13193`,2602.13193,10.48550/arXiv.2602.13193,Semantic Scholar citation graph,Semantic Scholar lists this work as citing seed arXiv:2510.03827.,indexed-citation,"URLs: https://www.semanticscholar.org/paper/c1bb5a3bd50fe90ef8cb51db0031c7169ce1b8f0 IDs: S2 `c1bb5a3bd50fe90ef8cb51db0031c7169ce1b8f0`; CorpusId `285606737`; DBLP `journals/corr/abs-2602-13193` Provenance: Semantic Scholar citation endpoint for arXiv:2510.03827: citing paper record; S2 context: For example, LIBERO [58] is not very diverse: provided trajectories are unimodal [59] and each task’s starting states are minimally randomized; even minor perturbations degrade performance [9].",yes,2602.13193,https://arxiv.org/abs/2602.13193,The arXiv abs page https://arxiv.org/abs/2602.13193 has citation_title matching the row title and citation_arxiv_id 2602.13193.,high,no,citation-only,n/a,n/a,None,"The arXiv HTML/PDF cite LIBERO-PRO in discussion/references about LIBERO trajectory diversity and perturbation brittleness, but the paper's reported experiments concern steerable policies and do not include a LIBERO-PRO numeric result table.",high,Do not count the LIBERO-PRO bibliography/reference discussion as result reporting.,arxiv_result_audit_2026-05-22_double:libero_pro_batch_03:A+B
LPRO-031,LIBERO-PRO,LIBERO-X: Robustness Litmus for Vision-Language-Action Models,2026,arXiv `2602.06556`; DOI `10.48550/arXiv.2602.06556`,2602.06556,10.48550/arXiv.2602.06556,Semantic Scholar citation graph,Semantic Scholar lists this work as citing seed arXiv:2510.03827.,indexed-citation,"URLs: https://www.semanticscholar.org/paper/a377f04f41cdefb7f9c61832e1f7d8a252102031 IDs: S2 `a377f04f41cdefb7f9c61832e1f7d8a252102031`; CorpusId `285401842`; DBLP `journals/corr/abs-2602-06556` Provenance: Semantic Scholar citation endpoint for arXiv:2510.03827: citing paper record; S2 context: [7, 47] in LIBERO [24], the models exhibit significant struggles in our setting.",yes,2602.06556,https://arxiv.org/abs/2602.06556,The arXiv abs page https://arxiv.org/abs/2602.06556 returns arXiv:2602.06556 with the exact title and provides the PDF.,high,no,citation-only,n/a,n/a,"None for LIBERO-PRO. The numeric results in this paper are for the new LIBERO-X benchmark, not LIBERO-PRO.","The arXiv PDF https://arxiv.org/pdf/2602.06556 cites LIBERO-PRO in the introduction/related work as a recent benchmark extension, but Sections III-IV define and evaluate LIBERO-X.",high,Adjacent benchmark paper. Do not count LIBERO-X multi-level evaluation numbers as LIBERO-PRO results.,arxiv_result_audit_2026-05-22_double:libero_pro_batch_04:A+B
LPRO-032,LIBERO-PRO,SCALE: Self-uncertainty Conditioned Adaptive Looking and Execution for Vision-Language-Action Models,2026,arXiv `2602.04208`; DOI `10.48550/arXiv.2602.04208`,2602.04208,10.48550/arXiv.2602.04208,Semantic Scholar citation graph,Semantic Scholar lists this work as citing seed arXiv:2510.03827.,indexed-citation,URLs: https://www.semanticscholar.org/paper/6411dfe92e500c10bd10dbb94d2ecd5340449710 IDs: S2 `6411dfe92e500c10bd10dbb94d2ecd5340449710`; CorpusId `285285852`; DBLP `journals/corr/abs-2602-04208` Provenance: Semantic Scholar citation endpoint for arXiv:2510.03827: citing paper record,yes,2602.04208,https://arxiv.org/abs/2602.04208,The arXiv abs page https://arxiv.org/abs/2602.04208 returns arXiv:2602.04208 with the exact title and provides the PDF.,high,yes,reports-results,"LIBERO-PRO-Long zero-shot robustness evaluation on four released perturbation types: Language, Object, Task, and Swap; success rate (SR, %) reported.",not reported,"Table 4 reports SR (%) on LIBERO-PRO-Long. OpenVLA zero-shot: 42.0 Language, 26.6 Object, 3.2 Task, 0.0 Swap, 18.0 Avg.; OpenVLA + SCALE: 51.2/30.0/4.8/0.0, 21.5 Avg. pi0-FAST zero-shot: 78.0/49.0/13.6/2.2, 35.7 Avg.; pi0-FAST + SCALE: 84.0/51.8/15.8/3.4, 38.8 Avg.","The arXiv PDF https://arxiv.org/pdf/2602.04208, Table 4, is captioned 'SR (%) on LIBERO-PRO-Long under various perturbations'; Section 4.2 states SCALE improves LIBERO-PRO-Long by +3.5 with OpenVLA and +3.1 with pi0-FAST.",high,"Clear LIBERO-PRO result row. The paper focuses only on the LIBERO-PRO-Long suite, not all LIBERO-PRO suites.",arxiv_result_audit_2026-05-22_double:libero_pro_batch_04:A+B
LPRO-033,LIBERO-PRO,VLS: Steering Pretrained Robot Policies via Vision-Language Models,2026,arXiv `2602.03973`; DOI `10.48550/arXiv.2602.03973`,2602.03973,10.48550/arXiv.2602.03973,Semantic Scholar citation graph,Semantic Scholar lists this work as citing seed arXiv:2510.03827.,indexed-citation,"URLs: https://www.semanticscholar.org/paper/538d95bc5a0eb3a80c64644efd789cb5101119c0 IDs: S2 `538d95bc5a0eb3a80c64644efd789cb5101119c0`; CorpusId `285285515`; DBLP `journals/corr/abs-2602-03973` Provenance: Semantic Scholar citation endpoint for arXiv:2510.03827: citing paper record; S2 context: We choose LIBERO-PRO [54], a simulation benchmark, as our testing platform.",yes,2602.03973,https://arxiv.org/abs/2602.03973,The arXiv abs page https://arxiv.org/abs/2602.03973 returns arXiv:2602.03973 with the exact title and provides the PDF.,high,yes,reports-results,"LIBERO-PRO task and position perturbation evaluation applied to LIBERO Goal, Spatial, 10/Long, and Object suites; 10 tasks per suite, 20 episodes per task, average success rates (%).",not reported,"Table I reports LIBERO-PRO success rates (%). Overall Avg.: OpenVLA 0.00, pi0 0.00, pi05 10.75, pi0.5 LeRobot 23.69, pi0.5 LeRobot + VLS 36.81. For pi0.5 LeRobot + VLS, Task perturbation Goal/Spatial/10/Object/Avg = 33.50/54.00/25.50/41.00/38.50; Position perturbation = 38.00/42.00/15.50/45.00/35.13.","The arXiv PDF https://arxiv.org/pdf/2602.03973, Table I 'LIBERO-PRO results', states the protocol and numeric success rates; Section V-B says LIBERO-PRO is the simulation test platform.",high,Clear result-reporting row.,arxiv_result_audit_2026-05-22_double:libero_pro_batch_04:A+B
LPRO-034,LIBERO-PRO,"AgenticLab: A Real-World Robot Agent Platform that Can See, Think, and Act",2026,arXiv `2602.01662`; DOI `10.48550/arXiv.2602.01662`,2602.01662,10.48550/arXiv.2602.01662,Semantic Scholar citation graph,Semantic Scholar lists this work as citing seed arXiv:2510.03827.,indexed-citation,"URLs: https://www.semanticscholar.org/paper/fcb40464d260abb3e9c483b092503f2450bef9f9 IDs: S2 `fcb40464d260abb3e9c483b092503f2450bef9f9`; CorpusId `285270000`; DBLP `journals/corr/abs-2602-01662` Provenance: Semantic Scholar citation endpoint for arXiv:2510.03827: citing paper record; S2 context: More critically, fine-tuning often creates a trade-off: as the model specializes in specific motor skills, it frequently suffers from catastrophic forgetting, diminishing the open-world generalization capabilities inherent in the pretrained backbone [9, 34].",yes,2602.01662,https://arxiv.org/abs/2602.01662,The arXiv abs page https://arxiv.org/abs/2602.01662 returns arXiv:2602.01662 with the exact title and provides the PDF/HTML.,high,no,citation-only,n/a,n/a,None,"arXiv PDF presents AgenticLab as a real-world robot agent platform and benchmark; the experiment tables are for AgenticLab real-world tasks and module/end-to-end evaluations, not LIBERO-PRO.",high,No LIBERO-PRO numeric results found in the paper text; row appears to be a citation/background hit rather than a benchmark-use row.,arxiv_result_audit_2026-05-22_double:libero_pro_batch_04:A+B
LPRO-035,LIBERO-PRO,A Systematic Study of Data Modalities and Strategies for Co-training Large Behavior Models for Robot Manipulation,2026,arXiv `2602.01067`; DOI `10.48550/arXiv.2602.01067`,2602.01067,10.48550/arXiv.2602.01067,Semantic Scholar citation graph,Semantic Scholar lists this work as citing seed arXiv:2510.03827.,indexed-citation,"URLs: https://www.semanticscholar.org/paper/088211a917be33e10ffe9f9060fede92d83066e8 IDs: S2 `088211a917be33e10ffe9f9060fede92d83066e8`; CorpusId `285270875`; DBLP `journals/corr/abs-2602-01067` Provenance: Semantic Scholar citation endpoint for arXiv:2510.03827: citing paper record; S2 context: Despite data scaling efforts, VLAs exhibit a limited generalization [1, 94, 97] to new objects, environments, and instructions compared to non-embodied foundation models like VLMs.",yes,2602.01067,https://arxiv.org/abs/2602.01067,The arXiv abs page https://arxiv.org/abs/2602.01067 returns arXiv:2602.01067 with the exact title and provides the PDF/HTML.,high,no,citation-only,n/a,n/a,None for LIBERO-PRO.,"The arXiv HTML/PDF for https://arxiv.org/abs/2602.01067 contains LIBERO-PRO only in reference [97], cited by Section IV-A; the reported experiments are the authors' simulation/real-world co-training evaluations, not LIBERO-PRO.",high,No LIBERO-PRO result table or protocol found in the paper body.,arxiv_result_audit_2026-05-22_double:libero_pro_batch_04:A+B
LPRO-036,LIBERO-PRO,Stable Language Guidance for Vision-Language-Action Models,2026,arXiv `2601.04052`; DOI `10.48550/arXiv.2601.04052`,2601.04052,10.48550/arXiv.2601.04052,Semantic Scholar citation graph,Semantic Scholar lists this work as citing seed arXiv:2510.03827.,indexed-citation,URLs: https://www.semanticscholar.org/paper/8103fe4da1f8bc3ab01202e3f723b3dc6646dff2 IDs: S2 `8103fe4da1f8bc3ab01202e3f723b3dc6646dff2`; CorpusId `284532442`; DBLP `journals/corr/abs-2601-04052` Provenance: Semantic Scholar citation endpoint for arXiv:2510.03827: citing paper record,yes,2601.04052,https://arxiv.org/abs/2601.04052,The arXiv abs page https://arxiv.org/abs/2601.04052 returns arXiv:2601.04052 with the exact title and provides the PDF.,high,no,citation-only,n/a,n/a,"None for LIBERO-PRO. The numeric tables are for destructive/obfuscated/OOD language perturbations on ordinary LIBERO and for LIBERO-Plus, not LIBERO-PRO.","The arXiv PDF https://arxiv.org/pdf/2601.04052 cites Libero-Pro in the introduction/related work and references; Section 'Simulation Experiment' says LIBERO is the primary simulation benchmark, and Appendix B contains more LIBERO-Plus results.",high,"The paper has many LIBERO-family numeric results, but no table is labeled LIBERO-PRO.",arxiv_result_audit_2026-05-22_double:libero_pro_batch_04:A+B
LPRO-037,LIBERO-PRO,VLA-Arena: An Open-Source Framework for Benchmarking Vision-Language-Action Models,2025,arXiv `2512.22539`; DOI `10.48550/arXiv.2512.22539`,2512.22539,10.48550/arXiv.2512.22539,Semantic Scholar citation graph,Semantic Scholar lists this work as citing seed arXiv:2510.03827.,indexed-citation,"URLs: https://www.semanticscholar.org/paper/7988ea35a13c6b9f7e49f6122a80e162ea350e79 IDs: S2 `7988ea35a13c6b9f7e49f6122a80e162ea350e79`; CorpusId `284311206`; DBLP `journals/corr/abs-2512-22539` Provenance: Semantic Scholar citation endpoint for arXiv:2510.03827: citing paper record; S2 context: As recent work has shown, performance on many LIBERO tasks is largely saturated [8, 10, 55].",yes,2512.22539,https://arxiv.org/abs/2512.22539,The arXiv abs page https://arxiv.org/abs/2512.22539 returns arXiv:2512.22539 with the exact title and provides the PDF.,high,no,citation-only,n/a,n/a,"None for LIBERO-PRO. The paper reports VLA-Arena results and an ordinary LIBERO language-ablation comparison, not LIBERO-PRO benchmark numbers.",The arXiv PDF https://arxiv.org/pdf/2512.22539 cites LIBERO-PRO as prior perceptual-robustness work in the introduction and references; Section 4 compares VLA-Arena with ordinary LIBERO language ablations but does not evaluate LIBERO-PRO.,high,Ordinary LIBERO comparison numbers should not be merged as LIBERO-PRO results.,arxiv_result_audit_2026-05-22_double:libero_pro_batch_04:A+B
LPRO-038,LIBERO-PRO,"Seeing to Act, Prompting to Specify: A Bayesian Factorization of Vision Language Action Policy",2025,arXiv `2512.11218`; DOI `10.48550/arXiv.2512.11218`,2512.11218,10.48550/arXiv.2512.11218,Semantic Scholar citation graph,Semantic Scholar lists this work as citing seed arXiv:2510.03827.,indexed-citation,"URLs: https://www.semanticscholar.org/paper/f968681410e0890a785067f14228ec44bd3ec2fa IDs: S2 `f968681410e0890a785067f14228ec44bd3ec2fa`; CorpusId `283883572`; DBLP `journals/corr/abs-2512-11218` Provenance: Semantic Scholar citation endpoint for arXiv:2510.03827: citing paper record; S2 context: Despite these advances, most existing policies still exhibit limited generalization, particularly when faced with novel objects, unseen language instructions, or new task compositions [15], [16], [82].",yes,2512.11218,https://arxiv.org/abs/2512.11218,The arXiv abs page https://arxiv.org/abs/2512.11218 returns arXiv:2512.11218 with the exact title and provides the PDF.,high,yes,reports-results,"LIBERO-Object plus LIBERO-PRO perturbations: Ori, ObjAttr, Pos, Sem, Task, and Env; success-rate table for OpenVLA, pi0, pi0.5, BayesVLA, and BayesVLA + R1.",task suite contains 10 tasks with 50 demonstrations each,"Table II reports simulation results on LIBERO and LIBERO-PRO. OpenVLA: Ori 98, ObjAttr 98, Pos 0, Sem 98, Task 0, Env 0. pi0: 99, 94, 0, 90, 0, 29. pi0.5: 98, 98, 17, 96, 1, 73. BayesVLA: 99, 85, 15, 98, 10, 1. BayesVLA + R1: 99, 96, 21, 98, 10, 81.","The arXiv PDF https://arxiv.org/pdf/2512.11218, Section VI-A 'LIBERO and LIBERO-PRO' defines the LIBERO-PRO protocol; Table II is titled 'Simulation Results on LIBERO and LIBERO-PRO' and reports the numeric values.",high,The table mixes original LIBERO ('Ori') with LIBERO-PRO perturbation columns; perturbation columns are the LIBERO-PRO-relevant numbers.,arxiv_result_audit_2026-05-22_double:libero_pro_batch_04:A+B
LPRO-039,LIBERO-PRO,GLaD: Geometric Latent Distillation for Vision-Language-Action Models,2025,arXiv `2512.09619`; DOI `10.48550/arXiv.2512.09619`,2512.09619,10.48550/arXiv.2512.09619,Semantic Scholar citation graph,Semantic Scholar lists this work as citing seed arXiv:2510.03827.,indexed-citation,URLs: https://www.semanticscholar.org/paper/a401a5d4c43961ff90be0ff040f094b4d35eaba5 IDs: S2 `a401a5d4c43961ff90be0ff040f094b4d35eaba5`; CorpusId `283722160`; DBLP `journals/corr/abs-2512-09619` Provenance: Semantic Scholar citation endpoint for arXiv:2510.03827: citing paper record; S2 context: We conduct extensive experiments on LIBERO [9] and LIBERO-PRO [10].,yes,2512.09619,https://arxiv.org/abs/2512.09619,The arXiv abs page https://arxiv.org/abs/2512.09619 returns arXiv:2512.09619 with the exact title and provides the PDF.,high,yes,reports-results,"LIBERO-PRO robustness evaluation across four LIBERO suites and perturbation types Ori, Obj, Pos, Sem, and Task; success rates averaged over 50 episodes per task.",not reported,Table II average success rates (%): UniVLA LIBERO-Goal Ori/Obj/Pos/Sem/Task = 95/62/4/97/9; LIBERO-Spatial = 97/98/0/97/-; LIBERO-10 = 93/47/1/91/9; LIBERO-Object = 96/82/4/97/0. GLaD LIBERO-Goal = 98/81/4/98/10; LIBERO-Spatial = 97/98/12/97/-; LIBERO-10 = 94/54/2/93/9; LIBERO-Object = 97/86/3/97/0.,arXiv PDF Section IV-D says GLaD and UniVLA are evaluated on LIBERO-PRO; Table II is captioned 'Average success rates across four LIBERO suites under different perturbation types' with LIBERO-PRO results.,high,Clear result-reporting row. The paper focuses on robustness to object perturbations and notes weak position/task perturbation performance.,arxiv_result_audit_2026-05-22_double:libero_pro_batch_04:A+B
LPRO-040,LIBERO-PRO,Affordance Field Intervention: Enabling VLAs to Escape Memory Traps in Robotic Manipulation,2025,arXiv `2512.07472`; DOI `10.48550/arXiv.2512.07472`,2512.07472,10.48550/arXiv.2512.07472,Semantic Scholar citation graph,Semantic Scholar lists this work as citing seed arXiv:2510.03827.,indexed-citation,"URLs: https://www.semanticscholar.org/paper/8e86f9ca63cc1b2775fb3f21391a260d2cc2c71d IDs: S2 `8e86f9ca63cc1b2775fb3f21391a260d2cc2c71d`; CorpusId `283694343`; DBLP `journals/corr/abs-2512-07472` Provenance: Semantic Scholar citation endpoint for arXiv:2510.03827: citing paper record; S2 context: However, a significant body of recent literature highlights that these models suffer from poor generalization and inherent fragility when faced with spatial perturbations or novel environments [6, 7, 40].",yes,2512.07472,https://arxiv.org/abs/2512.07472,The arXiv abs page https://arxiv.org/abs/2512.07472 returns arXiv:2512.07472 with the exact title and provides the PDF.,high,yes,reports-results,"LIBERO-Pro simulation with spatial/object-position perturbations following the LIBERO-Pro OOD protocol, evaluated on LIBERO-Spatial and LIBERO-Object success rates.",not reported for LIBERO-Pro simulation,"Table 2 reports pi0.5 vs pi0.5-AFI success rates. LIBERO-Spatial average: 54.0% vs 75.7%; per task: 70.0/82.0, 22.0/54.0, 96.0/98.0, 74.0/88.0, 26.0/54.0, 36.0/72.0, 54.0/82.0. LIBERO-Object average: 56.4% vs 73.2%; per task: 42.0/64.0, 54.0/72.0, 78.0/82.0, 88.0/90.0, 42.0/56.0, 46.0/66.0, 88.0/92.0, 70.0/80.0, 16.0/64.0, 40.0/66.0. Section 5.3 prose also states 78.2% vs 52.4% and 82.5% vs 67.3%, inconsistent with Table 2.","The arXiv PDF https://arxiv.org/pdf/2512.07472, Section 5.3 'Main Results in Simulation' and Table 2 'Success rates of pi0.5-AFI and pi0.5 on the LIBERO-Spatial and LIBERO-Object, with object position perturbations ... following the LIBERO-Pro protocol' report these numbers.",high,"Clear result-reporting row, but the paper is internally inconsistent: Table 2 averages differ from the Section 5.3 prose averages.",arxiv_result_audit_2026-05-22_double:libero_pro_batch_04:A+B
LPRO-041,LIBERO-PRO,VLA Models Are More Generalizable Than You Think: Revisiting Physical and Spatial Modeling,2025,arXiv `2512.02902`; DOI `10.48550/arXiv.2512.02902`,2512.02902,10.48550/arXiv.2512.02902,Semantic Scholar citation graph,Semantic Scholar lists this work as citing seed arXiv:2510.03827.,indexed-citation,URLs: https://www.semanticscholar.org/paper/038084d3f7d41e63ceeeafa05a7efa6aec5cb842 IDs: S2 `038084d3f7d41e63ceeeafa05a7efa6aec5cb842`; CorpusId `283457754`; DBLP `journals/corr/abs-2512-02902` Provenance: Semantic Scholar citation endpoint for arXiv:2510.03827: citing paper record,yes,2512.02902,https://arxiv.org/abs/2512.02902,"arXiv abs page lists arXiv:2512.02902, DOI 10.48550/arXiv.2512.02902, and the exact title; submitted 2025-12-02, revised 2026-03-31.",high,no,citation-only,n/a,n/a,None for LIBERO-PRO.,"The paper cites LIBERO-PRO as prior robustness work, but Section 4 evaluates the authors' Libero-V/viewpoint and visual-perturbation setting. The abstract and results report Libero viewpoint/Libero-V numbers such as 48.5%, 87.1%, and 90.8%, not LIBERO-PRO results.",high,Do not count Libero-V or ordinary Libero viewpoint robustness as LIBERO-PRO.,arxiv_result_audit_2026-05-22_double:libero_pro_batch_05:A+B
LPRO-042,LIBERO-PRO,"3D4D: An Interactive, Editable, 4D World Model via 3D Video Generation",2025,arXiv `2511.08536`; DOI `10.48550/arXiv.2511.08536`,2511.08536,10.48550/arXiv.2511.08536,Semantic Scholar citation graph,Semantic Scholar lists this work as citing seed arXiv:2510.03827.,indexed-citation,"URLs: https://www.semanticscholar.org/paper/119fa5baabecbdf11d1cd1cab3a7b5428eb45f02 IDs: S2 `119fa5baabecbdf11d1cd1cab3a7b5428eb45f02`; CorpusId `282922268`; DBLP `conf/aaai/HeYTYS26` Provenance: Semantic Scholar citation endpoint for arXiv:2510.03827: citing paper record; S2 context: More critically, existing systems fall short of providing genuinely interactive 4D environments, as technologies that seamlessly combine high-performance rendering with user interactivity are still largely absent (Miao et al. 2025; Zhou et al. 2025).",yes,2511.08536,https://arxiv.org/abs/2511.08536,arXiv abs page lists arXiv:2511.08536 with the exact title and provides PDF/HTML links: https://arxiv.org/abs/2511.08536,high,no,citation-only,n/a,n/a,None for LIBERO-PRO.,"The paper is a 4D visualization/demo system. Its evaluation reports CLIP Consistency/CLIP Score in Table 1 and FPS/real-time interaction in Table 2. LIBERO-PRO appears only as a cited reference, with no LIBERO-PRO benchmark protocol or numeric results.",high,"Semantic Scholar citation lead is real enough for citation-only, but the work is not a robotics benchmark result paper.",arxiv_result_audit_2026-05-22_double:libero_pro_batch_05:A+B
LPRO-043,LIBERO-PRO,Discrete Diffusion VLA: Bringing Discrete Diffusion to Action Decoding in Vision-Language-Action Policies,2025,arXiv `2508.20072`; DOI `10.48550/arXiv.2508.20072`,2508.20072,10.48550/arXiv.2508.20072,Semantic Scholar citation graph,Semantic Scholar lists this work as citing seed arXiv:2510.03827.,indexed-citation,"URLs: https://www.semanticscholar.org/paper/59d62f070c3f4ddfb3974fa1cff9aeed258fa492 IDs: S2 `59d62f070c3f4ddfb3974fa1cff9aeed258fa492`; CorpusId `280919138`; DBLP `journals/corr/abs-2508-20072` Provenance: Semantic Scholar citation endpoint for arXiv:2510.03827: citing paper record; S2 context: To validate discrete diffusion VLA better preserves pretrained vision-language priors, we evaluate retained capabilities under out-of-distribution perturbations following LIBERO-PRO (Zhou et al., 2025).",yes,2508.20072,https://arxiv.org/abs/2508.20072,arXiv abs page lists arXiv:2508.20072 with the exact title and provides PDF/HTML links: https://arxiv.org/abs/2508.20072,high,yes,reports-results,LIBERO-PRO-following OOD evaluation on LIBERO-Goal and LIBERO-Spatial with Language Augmentation and Vision Augmentation.,not reported for the LIBERO-PRO OOD evaluation,"Tables 4-5 report LIBERO-PRO-following OOD results. LIBERO-Goal: OpenVLA-OFT (Discrete) Original 95.6%, Language Augmentation 87.6%, Vision Augmentation 73.0%; OpenVLA-OFT (Cont-Diffusion) 96.0%, 93.6%, 67.0%; Discrete Diffusion VLA 97.4%, 96.0%, 76.4%. LIBERO-Spatial: OpenVLA-OFT (Discrete) 96.2%, 94.6%, 95.0%; OpenVLA-OFT (Cont-Diffusion) 96.9%, 95.2%, 94.6%; Discrete Diffusion VLA 97.2%, 96.0%, 96.2%.","Section 4.3 states the paper evaluates OOD robustness following LIBERO-PRO with Language Augmentation and Vision Augmentation, correcting two implementation bugs; Tables 4 and 5 give the LIBERO-Goal and LIBERO-Spatial success rates. https://arxiv.org/html/2508.20072",high,Current arXiv version includes a LIBERO-PRO-following evaluation despite the arXiv ID predating the LIBERO-PRO seed.,arxiv_result_audit_2026-05-22_double:libero_pro_batch_05:A+B
LPRO-044,LIBERO-PRO,EIP: W EIGHTED R ANKING OF LLM S BY Q UANTIFYING Q UESTION D IFFICULTY,,,,,Semantic Scholar citation graph,Semantic Scholar lists this work as citing seed arXiv:2510.03827.,indexed-citation,URLs: https://www.semanticscholar.org/paper/08739e1b188f69341ffa6847441596e6b9deb7f5 IDs: S2 `08739e1b188f69341ffa6847441596e6b9deb7f5`; CorpusId `286463572` Provenance: Semantic Scholar citation endpoint for arXiv:2510.03827: citing paper record,yes,2602.12424,https://arxiv.org/abs/2602.12424,"The exact-title OpenReview page/PDF uses the EIP title. arXiv:2602.12424 is titled RankLLM: Weighted Ranking of LLMs by Quantifying Question Difficulty and matches the same work by title subtitle, author set, and distinctive abstract facts such as 30 models, 35,550 questions, 90% agreement, and an IRT baseline.",medium,no,not-a-paper-or-false-positive,n/a,n/a,None,"The arXiv/OpenReview paper is an LLM-evaluation method over benchmarks such as BBH, GPQA, GSM8K, HellaSwag, MATH, and MMLU-Pro; text search of arXiv/OpenReview found no LIBERO or LIBERO-PRO mention and no robotics benchmark results. https://arxiv.org/html/2602.12424",high,Title/version ambiguity: OpenReview EIP appears renamed to RankLLM on arXiv. The citation hit appears spurious for the row benchmark.,arxiv_result_audit_2026-05-22_double:libero_pro_batch_05:A+B
LPRO-045,LIBERO-PRO,PRTS: A Primitive Reasoning and Tasking System via Contrastive Representations,2026,arXiv `2604.27472`; DOI `10.48550/arXiv.2604.27472`,2604.27472,10.48550/arXiv.2604.27472,old CSV lead,"Present in previous CSV but not in reconstructed primary candidate set, likely because it was a non-Semantic-Scholar/manual/term candidate or deduped under a different identifier. Needs reconciliation before tracker rewrite.",term-only,"Provenance: old CSV row ID LP-TERM-001 Why primary missed it: Present in previous CSV but not in reconstructed primary candidate set, likely because it was a non-Semantic-Scholar/manual/term candidate or deduped under a different identifier. Needs reconciliation before tracker rewrite.",yes,2604.27472,https://arxiv.org/abs/2604.27472,arXiv abs page lists arXiv:2604.27472 with the exact title and provides PDF/HTML links: https://arxiv.org/abs/2604.27472,high,yes,reports-results,"Zero-shot LIBERO-Pro evaluation of a standard LIBERO-finetuned checkpoint across Semantic, Object, Position, and Task variations; the paper excludes Environment perturbation because official assets were not released.",not reported,"Table 4 LIBERO-Pro success rates: OpenVLA 97.2/93.0/0.0/0.0 avg 47.6; Qwen3-VL-PI 95.5/70.4/4.3/3.9 avg 43.5; ABot-M0 97.1/82.5/7.1/22.3 avg 52.2; pi0 90.5/90.5/0.0/0.0 avg 45.3; pi0.5 95.8/96.0/20.8/0.8 avg 53.3; PRTS 97.0/82.3/24.3/31.5 avg 58.8 for Semantic/Object/Position/Task/Average. Appendix Table 10 breaks down PRTS Position/Task by suite: Spatial 26.8/62.2, Object 36.0/8.8, Goal 19.0/33.8, Long 15.4/21.2.",arXiv PDF Section 6.2.3 is titled LIBERO-Pro and Table 4 is Evaluation results on the LIBERO-Pro benchmark. A footnote states Environment perturbation is excluded because official assets were unavailable. Appendix Table 10 gives detailed Position and Task variations.,high,Count as reports-results; the LIBERO-Pro benchmark and numeric success rates are explicit.,arxiv_result_audit_2026-05-22_double:libero_pro_batch_05:A+B
LPRO-046,LIBERO-PRO,ROBOGATE: Adaptive Failure Discovery for Safe Robot Policy Deployment via Two-Stage Boundary-Focused Sampling,2026,arXiv `2603.22126`; DOI `10.48550/arXiv.2603.22126`,2603.22126,10.48550/arXiv.2603.22126,old CSV lead,"Present in previous CSV but not in reconstructed primary candidate set, likely because it was a non-Semantic-Scholar/manual/term candidate or deduped under a different identifier. Needs reconciliation before tracker rewrite.",term-only,"Provenance: old CSV row ID LP-TERM-002 Why primary missed it: Present in previous CSV but not in reconstructed primary candidate set, likely because it was a non-Semantic-Scholar/manual/term candidate or deduped under a different identifier. Needs reconciliation before tracker rewrite.",yes,2603.22126,https://arxiv.org/abs/2603.22126,arXiv abs page lists arXiv:2603.22126 with the exact title and provides PDF/HTML links: https://arxiv.org/abs/2603.22126,high,no,citation-only,n/a,n/a,None for LIBERO-PRO.,"The paper cites LIBERO-PRO in Section 2.6 as prior robustness work. Its numeric results are for ROBOGATE and for a GR00T N1.6 checkpoint fine-tuned on LIBERO-Spatial, including 97.65% on LIBERO/MuJoCo and 0/68 on ROBOGATE Isaac Sim scenarios; no LIBERO-PRO result table is reported.",high,Do not count the LIBERO/MuJoCo cross-simulator number as LIBERO-PRO.,arxiv_result_audit_2026-05-22_double:libero_pro_batch_05:A+B
LPRO-047,LIBERO-PRO,Health-Conditioned Vision-Language-Action Models for Malfunction-Aware Robot Control,2026,arXiv `2605.16056`; DOI `10.48550/arXiv.2605.16056`,2605.16056,10.48550/arXiv.2605.16056,old CSV lead,"Present in previous CSV but not in reconstructed primary candidate set, likely because it was a non-Semantic-Scholar/manual/term candidate or deduped under a different identifier. Needs reconciliation before tracker rewrite.",term-only,"Provenance: old CSV row ID LP-TERM-003 Why primary missed it: Present in previous CSV but not in reconstructed primary candidate set, likely because it was a non-Semantic-Scholar/manual/term candidate or deduped under a different identifier. Needs reconciliation before tracker rewrite.",yes,2605.16056,https://arxiv.org/abs/2605.16056,arXiv abs page lists arXiv:2605.16056 with the exact title and provides PDF/HTML links: https://arxiv.org/abs/2605.16056,high,no,not-a-paper-or-false-positive,n/a,n/a,None for LIBERO-PRO.,"The paper collects 128 malfunction episodes on Libero-Spatial tasks and evaluates malfunction-aware control on LIBERO Spatial. Tables I-III report LIBERO Spatial joint-malfunction success rates; the relevant 'Pro' string is VLA-Adapter/Libero Spatial Pro model naming, not a LIBERO-PRO benchmark evaluation.",high,"False positive for LIBERO-PRO; the paper reports custom LIBERO Spatial malfunction results, not the row benchmark.",arxiv_result_audit_2026-05-22_double:libero_pro_batch_05:A+B
LPRO-048,LIBERO-PRO,LIBERO-Para: A Diagnostic Benchmark and Metrics for Paraphrase Robustness in VLA Models,2026,,,,old CSV lead,"Present in previous CSV but not in reconstructed primary candidate set, likely because it was a non-Semantic-Scholar/manual/term candidate or deduped under a different identifier. Needs reconciliation before tracker rewrite.",term-only,"Provenance: old CSV row ID LP-TERM-004 Why primary missed it: Present in previous CSV but not in reconstructed primary candidate set, likely because it was a non-Semantic-Scholar/manual/term candidate or deduped under a different identifier. Needs reconciliation before tracker rewrite.",yes,2603.28301,https://arxiv.org/abs/2603.28301,arXiv abs page lists arXiv:2603.28301 with the exact title and provides PDF/HTML links: https://arxiv.org/abs/2603.28301,high,no,citation-only,n/a,n/a,None for LIBERO-PRO.,"The paper compares LIBERO-PRO to other linguistic robustness benchmarks in Table 1 and related-work text, but introduces and evaluates LIBERO-Para on paraphrase robustness. Numeric results are LIBERO-Para/PRIDE success and failure analyses, not LIBERO-PRO.",high,Count as citation/background mention only; LIBERO-Para numbers are not LIBERO-PRO numbers.,arxiv_result_audit_2026-05-22_double:libero_pro_batch_05:A+B
LPRO-049,LIBERO-PRO,"RADAR: Benchmarking Vision-Language-Action Generalization via Real-World Dynamics, Spatial-Physical Intelligence, and Autonomous Evaluation",2026,,,,old CSV lead,"Present in previous CSV but not in reconstructed primary candidate set, likely because it was a non-Semantic-Scholar/manual/term candidate or deduped under a different identifier. Needs reconciliation before tracker rewrite.",term-only,"Provenance: old CSV row ID LP-TERM-005 Why primary missed it: Present in previous CSV but not in reconstructed primary candidate set, likely because it was a non-Semantic-Scholar/manual/term candidate or deduped under a different identifier. Needs reconciliation before tracker rewrite.",yes,2602.10980,https://arxiv.org/abs/2602.10980,arXiv abs page lists arXiv:2602.10980 with the exact title and provides PDF/HTML links: https://arxiv.org/abs/2602.10980,high,no,citation-only,n/a,n/a,None for LIBERO-PRO.,"The paper introduces RADAR and reports RADAR success/3D-IoU tables, including the abstract's 3D-IoU drop from 0.261 to 0.068 under sensor noise. LIBERO-PRO appears in the references as prior work; no LIBERO-PRO evaluation or numeric result table was found.",high,RADAR results are a different benchmark and should not be counted for LIBERO-PRO.,arxiv_result_audit_2026-05-22_double:libero_pro_batch_05:A+B
LPRO-050,LIBERO-PRO,OA-WAM: Object-Addressable World Action Model for Robust Robot Manipulation,2026,,,,old CSV lead,"Present in previous CSV but not in reconstructed primary candidate set, likely because it was a non-Semantic-Scholar/manual/term candidate or deduped under a different identifier. Needs reconciliation before tracker rewrite.",term-only,"Provenance: old CSV row ID LP-TERM-006 Why primary missed it: Present in previous CSV but not in reconstructed primary candidate set, likely because it was a non-Semantic-Scholar/manual/term candidate or deduped under a different identifier. Needs reconciliation before tracker rewrite.",yes,2605.06481,https://arxiv.org/abs/2605.06481,arXiv abs page lists arXiv:2605.06481 with the exact title and provides PDF/HTML links: https://arxiv.org/abs/2605.06481,high,no,citation-only,n/a,n/a,None,"The paper reports OA-WAM on ordinary LIBERO, SimplerEnv, and LIBERO-Plus, e.g. LIBERO 97.8%, SimplerEnv 79.3%, LIBERO-Plus aggregate 83.9 versus pi0.5 85.7, and swap-binding cosine 0.87 versus <=0.09. It cites LIBERO-PRO as prior robustness work but does not report LIBERO-PRO results. https://arxiv.org/html/2605.06481",high,Do not count LIBERO or LIBERO-Plus numbers as LIBERO-PRO.,arxiv_result_audit_2026-05-22_double:libero_pro_batch_05:A+B
