record_id,claim_ids,experiment,policy_or_model,artifact_kind,source_repo_or_model_id,upstream_revision,local_filename,file_size_bytes,sha256,identity_status,payload_included,evidence,notes
shortcut_libero_spatial_step13425,shortcut_libero,libero_spatial,DINO+MLP/task-id,first_party_checkpoint,ripl/Policy_Eval_Done_Right,4b9b24987cfe3b697fe0270f8c81c02311897f25,step13425.pt,1053083570,a90a90dd8bef74045741577fccfe43539ad963cb720beb4ab35e01c7d63a36b8,verified_local_sha256,false,artifact_manifest_config_sha256=10a10a51e8bc39838e5a0e2e9fc20f6d3ffe1e20023d335728f9edc9fa5d5f80,Binary checkpoint excluded.
shortcut_libero_object_step16110,shortcut_libero,libero_object,DINO+MLP/task-id,first_party_checkpoint,ripl/Policy_Eval_Done_Right,4b9b24987cfe3b697fe0270f8c81c02311897f25,step16110.pt,1053083570,584cdf82bb1f85a5fd0ba062a6ce1f81cb851298a4fbd37d9dafd39897acd661,verified_local_sha256,false,artifact_manifest_config_sha256=2b06d4f2ab44a93d72413eba641a287ba63d480e9c939d6de34d380b48731986,Binary checkpoint excluded.
shortcut_libero_goal_step5370,shortcut_libero,libero_goal,DINO+MLP/task-id,first_party_checkpoint,ripl/Policy_Eval_Done_Right,4b9b24987cfe3b697fe0270f8c81c02311897f25,step5370.pt,1053082826,6667e31941a63b0ce8d5614bb9e49c23576bd2bafd5012bf42aef46b6326e390,verified_local_sha256,false,artifact_manifest_config_sha256=83244400720d4f1cec9c26c3cd0205f2e56e36e8154aace518524a017aa8a9f5,Binary checkpoint excluded.
shortcut_libero_10_step15215,shortcut_libero,libero_10,DINO+MLP/task-id,first_party_checkpoint,ripl/Policy_Eval_Done_Right,4b9b24987cfe3b697fe0270f8c81c02311897f25,step15215.pt,1053083570,3cdc73f7d829b98466b7e5fef2389018f556c3f7c668e9a2b5655cca48e9d10a,verified_local_sha256,false,artifact_manifest_config_sha256=1ac1d09cb44642e8f3b6b4c2768f8786706dd4c9605303848366b4dbc56dc528,Binary checkpoint excluded.
shortcut_calvin_dd_step40000,shortcut_calvin,calvin_D_D,DINO+MLP/task-id,first_party_checkpoint,ripl/Policy_Eval_Done_Right_calvin_DD_paper_may18,8ca19ef58a6ac80b9caaf0146644868c5803791d,step40000.pt,1097137089,431ac14a8ed5f3658f744e6eeed79cb467db47b74383dd6a7db097805ee1c6e8,verified_local_sha256,false,artifact_manifest_config_sha256=f6f3da90f4b14d0d362e7f4227779832c3e1a59c746d06740723571e68a87bb4,Binary checkpoint excluded.
shortcut_calvin_abcd_step100000,shortcut_calvin,calvin_ABCD_D,DINO+MLP/task-id,first_party_checkpoint,ripl/Policy_Eval_Done_Right,b11e4b24db157884782db5355b2af6b2603d2175,step100000.pt,1097137774,b4e722c94304c62c3e8883e2080e529a23ff79b346394d7fe0cab1d79e577cb5,verified_local_sha256,false,artifact_manifest_config_sha256=3e13bbaa049ad0121f76194dcedb06166827375419ad9644758181b6b92db5b4,Binary checkpoint excluded.
shortcut_calvin_abc_step100000_supporting,shortcut_calvin,calvin_ABC_D,DINO+MLP/task-id,first_party_checkpoint,ripl/Policy_Eval_Done_Right,unknown,step100000.pt,1097137774,a3e0ac8581e23de414b5e930b7ae932e1d4f9376c1890566e8aca987e3877c73,best_effort_local_sha256_no_manifest,false,local_checkpoint_hash_from_outputs_may13_ABC,Supporting row only because the full official artifact manifest was not recovered.
shortcut_dino_backbone_identity_unknown,shortcut_libero;shortcut_calvin,shortcut_dino_mlp,DINO or DINOv2 backbone,pretrained_backbone,unknown,unknown,unknown,unknown,unknown,unknown_backbone_identity,false,released_configs_vision_backbone=dino,Exact pretrained backbone file identity was not recovered.
dsd_stack_checkpoint,widowx_scripted_dsd_91_of_96,widowx_stack_scripted,DINOv2 ViT-S MLP BC,first_party_checkpoint,ripl/Data_Source_Dependency_CoRL,ef88a2cb23e754307b5f70053e820d3c437bec49,step6500.pt,309107760,ba17255d8ec54df354de2d190a03cea137f4cbb3db14c09915a540e5751824b1,verified_local_sha256,false,DSD artifact manifest widowx_vits_mlp stack,Binary checkpoint excluded.
dsd_carrot_checkpoint,widowx_scripted_dsd_91_of_96,widowx_carrot_scripted,DINOv2 ViT-S MLP BC,first_party_checkpoint,ripl/Data_Source_Dependency_CoRL,ef88a2cb23e754307b5f70053e820d3c437bec49,step10000.pt,309108587,3d57148df6fe08e046fcc84f7b1977989adb18ee555ac1fb5d4137a8dc2afe39,verified_local_sha256,false,DSD artifact manifest widowx_vits_mlp carrot,Binary checkpoint excluded.
dsd_spoon_checkpoint,widowx_scripted_dsd_91_of_96,widowx_spoon_scripted,DINOv2 ViT-S MLP BC,first_party_checkpoint,ripl/Data_Source_Dependency_CoRL,ef88a2cb23e754307b5f70053e820d3c437bec49,step10000.pt,309108587,2ca05b49ef67aa6d91320fcd8d2358095bd0022e711509aafcd0ea14d96cf4c6,verified_local_sha256,false,DSD artifact manifest widowx_vits_mlp spoon,Binary checkpoint excluded.
dsd_eggplant_checkpoint,widowx_scripted_dsd_91_of_96,widowx_eggplant_scripted,DINOv2 ViT-S MLP BC,first_party_checkpoint,ripl/Data_Source_Dependency_CoRL,ef88a2cb23e754307b5f70053e820d3c437bec49,step10000.pt,309108587,479f87b4bf54950a725e3f8db45845bab6e59399e364e05816122d9cd5e32631,verified_local_sha256,false,DSD artifact manifest widowx_vits_mlp eggplant,Binary checkpoint excluded.
dsd_dinov2_vits14_backbone_unknown,widowx_scripted_dsd_91_of_96,widowx_scripted_dsd,dinov2_vits14 backbone,pretrained_backbone,unknown,unknown,unknown,unknown,unknown,unknown_backbone_identity,false,public DSD config dino_model=dinov2_vits14,Exact DINOv2 backbone file hash was not recovered.
calvin_xvla_model,calvin_protocol1;calvin_fresh_sequence,calvin_ABC_D,X-VLA,third_party_policy,2toINF/X-VLA-Calvin-ABC_D,d76710ee314ee1fa8506f421664c989b40bae415,model.safetensors,3519068172,98813bb2063fa62f8ffb21696546005b61defca6c0724adeab524c8f82f84bd4,verified_local_sha256,false,Eval_Policies_CoRL release_metadata checkpoint_hashes.sha256,Binary checkpoint excluded.
calvin_gr1_snapshot,calvin_protocol1;calvin_fresh_sequence,calvin_ABC_D,GR-1,third_party_policy,GR-1 local checkpoint,unknown,snapshot_ABC.pt,196921765,7f92a1674c0af70bcf8ee119192c532670eb63134e2432c9aacbc1d01a76ac6b,verified_local_sha256,false,Eval_Policies_CoRL release_metadata checkpoint_hashes.sha256,Binary checkpoint excluded.
calvin_gr1_mae_pretrain,calvin_protocol1;calvin_fresh_sequence,calvin_ABC_D,GR-1 MAE pretrain,third_party_backbone,GR-1 local checkpoint,unknown,mae_pretrain_vit_base.pth,343249461,aec5f0b68e5f3193a00b07bc65a37440db549c15b36b8bea242606cc40c4bc5d,verified_local_sha256,false,Eval_Policies_CoRL release_metadata checkpoint_hashes.sha256,Binary checkpoint excluded.
calvin_roboflamingo_policy,calvin_protocol1;calvin_fresh_sequence,calvin_ABC_D,RoboFlamingo,third_party_policy,robovlms/RoboFlamingo,b08c0a2ac4d2a92927ddc066e3eb077319bc5a94,ABC_D/checkpoint_gripper_post_hist_1_aug_10_4_traj_cons_ws_12_mpt_dolly_3b_4.pth,17598103223,752115c602b9245a798a2c8eb28b83c413fb95748681ec36372da8a4c63e4cd7,verified_local_sha256,false,Eval_Policies_CoRL release_metadata checkpoint_hashes.sha256,Binary checkpoint excluded.
calvin_roboflamingo_base,calvin_protocol1;calvin_fresh_sequence,calvin_ABC_D,OpenFlamingo base,third_party_backbone,openflamingo/OpenFlamingo-3B-vitl-mpt1b-langinstruct,656bbbcd4508db84ccc83c02361011c6fe92ae93,checkpoint.pt,4188086933,9dc045d02933a46f012b52b96aa10dbaedec84594dd202ac4c3c6f2ece51dbe3,verified_local_sha256,false,Eval_Policies_CoRL release_metadata checkpoint_hashes.sha256,Binary checkpoint excluded.
simplerenv_cogact_base,simplerenv_fixed_grid;simplerenv_protocol_abcde,SimplerEnv,CogACT-Base,third_party_policy,CogACT/CogACT-Base,6550bf0992f162fc5d74f14ffee30771a9433363,checkpoints/CogACT-Base.pt,30521280578,1d35ec754c5c1ed7ab9ac22c9aba478e7269bab7db5b40df2703b2dc1e1009c0,verified_hf_lfs_sha256,false,local Hugging Face cache metadata for source_repo_or_model_id at upstream_revision named in this row,Binary checkpoint excluded.
simplerenv_spatialvla_shard1,simplerenv_fixed_grid;simplerenv_protocol_abcde,SimplerEnv,SpatialVLA,third_party_policy,IPEC-COMMUNITY/spatialvla-4b-224-sft-bridge,cfb5ff76f7545d07c134f33810d8bf4070b5d517,model-00001-of-00002.safetensors,4969426016,014d7ca643d9ecb48a3689e7d2b3875b2ea1ae71fc422f8179ae50c786a608eb,verified_hf_lfs_sha256,false,local Hugging Face cache metadata for source_repo_or_model_id at upstream_revision named in this row,Binary checkpoint excluded.
simplerenv_spatialvla_shard2,simplerenv_fixed_grid;simplerenv_protocol_abcde,SimplerEnv,SpatialVLA,third_party_policy,IPEC-COMMUNITY/spatialvla-4b-224-sft-bridge,cfb5ff76f7545d07c134f33810d8bf4070b5d517,model-00002-of-00002.safetensors,3086476734,22501b6216c652d94bb4917d85bc13d891b6aeb66ff785300436c1e8f8e5ed07,verified_hf_lfs_sha256,false,local Hugging Face cache metadata for source_repo_or_model_id at upstream_revision named in this row,Binary checkpoint excluded.
simplerenv_xvla_model,simplerenv_fixed_grid;simplerenv_protocol_abcde,SimplerEnv,X-VLA-WidowX,third_party_policy,2toINF/X-VLA-WidowX,8d7ea1aaa948665d44129a3ff488629b955fc0f9,model.safetensors,3519068172,fb5e3d58223fe8865b43e3361428de6ef5ac0c3fb656fa69a40649893f6c4a7f,verified_hf_lfs_sha256,false,local Hugging Face cache metadata for source_repo_or_model_id at upstream_revision named in this row,Binary checkpoint excluded.
simplerenv_internvla_m1_unknown,simplerenv_fixed_grid;simplerenv_protocol_abcde,SimplerEnv,InternVLA-M1,third_party_policy,unknown,unknown,unknown,unknown,unknown,unknown_exact_weight_files,false,runner placeholder and third_party repo commit 21e6e8f4bd42bee269dd021a118133501e9d8ede,Exact downloaded weight files were not recovered.
simplerenv_dexbotic_unknown,simplerenv_fixed_grid;simplerenv_protocol_abcde,SimplerEnv,Dexbotic / DB-MemVLA,third_party_policy,unknown,unknown,unknown,unknown,unknown,unknown_exact_weight_files,false,released rows and runner placeholders,Exact public source to policy mapping and downloaded weight files were not verified from current evidence.
spatial_forcing_goal_action_head,libero_goal_pairwise_d;libero_layer2,libero_goal,Spatial Forcing,third_party_policy,haofuly/spatial-forcing-7b-finetuned-libero-goal,c0093e70524ad781ae6fe644618f501af32a184d,action_head--latest_checkpoint.pt,302242674,54e6ab758dff16ed7ad93d3958bea51200020ce056c701346fc31d0052840619,verified_hf_lfs_sha256,false,local Hugging Face cache metadata for source_repo_or_model_id at upstream_revision named in this row,Binary checkpoint excluded.
spatial_forcing_goal_align_projector,libero_goal_pairwise_d;libero_layer2,libero_goal,Spatial Forcing,third_party_policy,haofuly/spatial-forcing-7b-finetuned-libero-goal,c0093e70524ad781ae6fe644618f501af32a184d,align_projector--latest_checkpoint.pt,50383958,1ef2154ca37f35d1dd6d0769d0103c4acad1a2323cd2dba7c93df2da52796c81,verified_hf_lfs_sha256,false,local Hugging Face cache metadata for source_repo_or_model_id at upstream_revision named in this row,Binary checkpoint excluded.
spatial_forcing_goal_adapter,libero_goal_pairwise_d;libero_layer2,libero_goal,Spatial Forcing,third_party_policy,haofuly/spatial-forcing-7b-finetuned-libero-goal,c0093e70524ad781ae6fe644618f501af32a184d,lora_adapter/adapter_model.safetensors,484458600,2f1980a035661e1c533d86fa5574cf976ea6b49d1b8d7d8253d439f4476592b9,verified_hf_lfs_sha256,false,local Hugging Face cache metadata for source_repo_or_model_id at upstream_revision named in this row,Binary checkpoint excluded.
spatial_forcing_goal_model1,libero_goal_pairwise_d;libero_layer2,libero_goal,Spatial Forcing,third_party_policy,haofuly/spatial-forcing-7b-finetuned-libero-goal,c0093e70524ad781ae6fe644618f501af32a184d,model-00001-of-00004.safetensors,4925122448,5d64ad347af71fde23944c2b5b3ae77f4eed0f45b1d66da090aa309410100669,verified_hf_lfs_sha256,false,local Hugging Face cache metadata for source_repo_or_model_id at upstream_revision named in this row,Binary checkpoint excluded.
spatial_forcing_goal_model2,libero_goal_pairwise_d;libero_layer2,libero_goal,Spatial Forcing,third_party_policy,haofuly/spatial-forcing-7b-finetuned-libero-goal,c0093e70524ad781ae6fe644618f501af32a184d,model-00002-of-00004.safetensors,4947392496,b83dcd9732a1a71308b4a3acf236788932b350dba5a5404c14b9a0ea9fe3c4cf,verified_hf_lfs_sha256,false,local Hugging Face cache metadata for source_repo_or_model_id at upstream_revision named in this row,Binary checkpoint excluded.
spatial_forcing_goal_model3,libero_goal_pairwise_d;libero_layer2,libero_goal,Spatial Forcing,third_party_policy,haofuly/spatial-forcing-7b-finetuned-libero-goal,c0093e70524ad781ae6fe644618f501af32a184d,model-00003-of-00004.safetensors,4947417456,8cd9af890bf165c3a8fcd6dabcd13f34d2c7c5f6c8e326a1071c4a909dbc065f,verified_hf_lfs_sha256,false,local Hugging Face cache metadata for source_repo_or_model_id at upstream_revision named in this row,Binary checkpoint excluded.
spatial_forcing_goal_model4,libero_goal_pairwise_d;libero_layer2,libero_goal,Spatial Forcing,third_party_policy,haofuly/spatial-forcing-7b-finetuned-libero-goal,c0093e70524ad781ae6fe644618f501af32a184d,model-00004-of-00004.safetensors,262668432,a877e3fece1feafb80f59f91585ce04379ee39e2bf9a25cb7b4acf237e896e60,verified_hf_lfs_sha256,false,local Hugging Face cache metadata for source_repo_or_model_id at upstream_revision named in this row,Binary checkpoint excluded.
spatial_forcing_goal_proprio_projector,libero_goal_pairwise_d;libero_layer2,libero_goal,Spatial Forcing,third_party_policy,haofuly/spatial-forcing-7b-finetuned-libero-goal,c0093e70524ad781ae6fe644618f501af32a184d,proprio_projector--latest_checkpoint.pt,67275256,a73076e6550074f3832b9b5fc6bdbfc13dcd4a4609fe8dc288dda5800821aba2,verified_hf_lfs_sha256,false,local Hugging Face cache metadata for source_repo_or_model_id at upstream_revision named in this row,Binary checkpoint excluded.
spatial_forcing_spatial_action_head,libero_layer2,libero_spatial,Spatial Forcing,third_party_policy,haofuly/spatial-forcing-7b-finetuned-libero-spatial,58718e3948c78ae14a10514e162be775dee1bb6f,action_head--latest_checkpoint.pt,302242674,9867fed14bc383691b3c8fb18a6560e2f47f8aa311bcbd0c8e13b09c338ce9ee,verified_hf_lfs_sha256,false,local Hugging Face cache metadata for source_repo_or_model_id at upstream_revision named in this row,Binary checkpoint excluded.
spatial_forcing_spatial_align_projector,libero_layer2,libero_spatial,Spatial Forcing,third_party_policy,haofuly/spatial-forcing-7b-finetuned-libero-spatial,58718e3948c78ae14a10514e162be775dee1bb6f,align_projector--latest_checkpoint.pt,21015638,164cf858c24f1dd4ab7c7df690ad39d60bf9822698e5d64ecc222ab93735a1d9,verified_hf_lfs_sha256,false,local Hugging Face cache metadata for source_repo_or_model_id at upstream_revision named in this row,Binary checkpoint excluded.
spatial_forcing_spatial_adapter,libero_layer2,libero_spatial,Spatial Forcing,third_party_policy,haofuly/spatial-forcing-7b-finetuned-libero-spatial,58718e3948c78ae14a10514e162be775dee1bb6f,lora_adapter/adapter_model.safetensors,484458600,ccbeb9e96a299e863f034fa06843745d3bde5dabbf9b05649580af7fcc17a73f,verified_hf_lfs_sha256,false,local Hugging Face cache metadata for source_repo_or_model_id at upstream_revision named in this row,Binary checkpoint excluded.
spatial_forcing_spatial_model1,libero_layer2,libero_spatial,Spatial Forcing,third_party_policy,haofuly/spatial-forcing-7b-finetuned-libero-spatial,58718e3948c78ae14a10514e162be775dee1bb6f,model-00001-of-00004.safetensors,4925122448,aced8c4be91be92abd90b542560ffb62a7f92da7e66c10090779796c391cf900,verified_hf_lfs_sha256,false,local Hugging Face cache metadata for source_repo_or_model_id at upstream_revision named in this row,Binary checkpoint excluded.
spatial_forcing_spatial_model2,libero_layer2,libero_spatial,Spatial Forcing,third_party_policy,haofuly/spatial-forcing-7b-finetuned-libero-spatial,58718e3948c78ae14a10514e162be775dee1bb6f,model-00002-of-00004.safetensors,4947392496,41acefa701d53a2670e6478ca2988b5f59a17382b618880e138b97428cf1b045,verified_hf_lfs_sha256,false,local Hugging Face cache metadata for source_repo_or_model_id at upstream_revision named in this row,Binary checkpoint excluded.
spatial_forcing_spatial_model3,libero_layer2,libero_spatial,Spatial Forcing,third_party_policy,haofuly/spatial-forcing-7b-finetuned-libero-spatial,58718e3948c78ae14a10514e162be775dee1bb6f,model-00003-of-00004.safetensors,4947417456,39001800950a3655eca4dcbb7a0c918cf7fff816655221c6f49c6b6d04564507,verified_hf_lfs_sha256,false,local Hugging Face cache metadata for source_repo_or_model_id at upstream_revision named in this row,Binary checkpoint excluded.
spatial_forcing_spatial_model4,libero_layer2,libero_spatial,Spatial Forcing,third_party_policy,haofuly/spatial-forcing-7b-finetuned-libero-spatial,58718e3948c78ae14a10514e162be775dee1bb6f,model-00004-of-00004.safetensors,262668432,a877e3fece1feafb80f59f91585ce04379ee39e2bf9a25cb7b4acf237e896e60,verified_hf_lfs_sha256,false,local Hugging Face cache metadata for source_repo_or_model_id at upstream_revision named in this row,Binary checkpoint excluded.
spatial_forcing_spatial_proprio_projector,libero_layer2,libero_spatial,Spatial Forcing,third_party_policy,haofuly/spatial-forcing-7b-finetuned-libero-spatial,58718e3948c78ae14a10514e162be775dee1bb6f,proprio_projector--latest_checkpoint.pt,67275256,42f8bdd42ae92ad5baa71820442a9116842cfbd78b2d7967a88ee575b9f31a90,verified_hf_lfs_sha256,false,local Hugging Face cache metadata for source_repo_or_model_id at upstream_revision named in this row,Binary checkpoint excluded.
spatial_forcing_object_action_head,libero_layer2,libero_object,Spatial Forcing,third_party_policy,haofuly/spatial-forcing-7b-finetuned-libero-object,7dae9150e87b05ee02d867d4e0f36343a46a8d77,action_head--latest_checkpoint.pt,302242674,1d897499060aeb673f61d2434d96dc514af6d4e17fad9d406fba9cc37ed006cf,verified_hf_lfs_sha256,false,local Hugging Face cache metadata for source_repo_or_model_id at upstream_revision named in this row,Binary checkpoint excluded.
spatial_forcing_object_align_projector,libero_layer2,libero_object,Spatial Forcing,third_party_policy,haofuly/spatial-forcing-7b-finetuned-libero-object,7dae9150e87b05ee02d867d4e0f36343a46a8d77,align_projector--latest_checkpoint.pt,50383958,333a0a62f1a19abab35c0de7d2d4abce0e2120e67dd4406a889e03424b305887,verified_hf_lfs_sha256,false,local Hugging Face cache metadata for source_repo_or_model_id at upstream_revision named in this row,Binary checkpoint excluded.
spatial_forcing_object_adapter,libero_layer2,libero_object,Spatial Forcing,third_party_policy,haofuly/spatial-forcing-7b-finetuned-libero-object,7dae9150e87b05ee02d867d4e0f36343a46a8d77,lora_adapter/adapter_model.safetensors,484458600,7d6c16fd098265b8d2ee8dc1db79a9aa2fc585de2428460f196db98b6644b9ec,verified_hf_lfs_sha256,false,local Hugging Face cache metadata for source_repo_or_model_id at upstream_revision named in this row,Binary checkpoint excluded.
spatial_forcing_object_model1,libero_layer2,libero_object,Spatial Forcing,third_party_policy,haofuly/spatial-forcing-7b-finetuned-libero-object,7dae9150e87b05ee02d867d4e0f36343a46a8d77,model-00001-of-00004.safetensors,4925122448,32d95e1c3a70c668f897f4689eeac849d9a7a033cac6aef7c55b9a2fec44e441,verified_hf_lfs_sha256,false,local Hugging Face cache metadata for source_repo_or_model_id at upstream_revision named in this row,Binary checkpoint excluded.
spatial_forcing_object_model2,libero_layer2,libero_object,Spatial Forcing,third_party_policy,haofuly/spatial-forcing-7b-finetuned-libero-object,7dae9150e87b05ee02d867d4e0f36343a46a8d77,model-00002-of-00004.safetensors,4947392496,bfacc647f1c063a3863f6380a4820a5a3e2ed316b94b7a79267761f226d3a40c,verified_hf_lfs_sha256,false,local Hugging Face cache metadata for source_repo_or_model_id at upstream_revision named in this row,Binary checkpoint excluded.
spatial_forcing_object_model3,libero_layer2,libero_object,Spatial Forcing,third_party_policy,haofuly/spatial-forcing-7b-finetuned-libero-object,7dae9150e87b05ee02d867d4e0f36343a46a8d77,model-00003-of-00004.safetensors,4947417456,a5ffbcc064bf0c2dbe83c463047b3faedba8cfb2e89ad31b98209644035e7ba7,verified_hf_lfs_sha256,false,local Hugging Face cache metadata for source_repo_or_model_id at upstream_revision named in this row,Binary checkpoint excluded.
spatial_forcing_object_model4,libero_layer2,libero_object,Spatial Forcing,third_party_policy,haofuly/spatial-forcing-7b-finetuned-libero-object,7dae9150e87b05ee02d867d4e0f36343a46a8d77,model-00004-of-00004.safetensors,262668432,a877e3fece1feafb80f59f91585ce04379ee39e2bf9a25cb7b4acf237e896e60,verified_hf_lfs_sha256,false,local Hugging Face cache metadata for source_repo_or_model_id at upstream_revision named in this row,Binary checkpoint excluded.
spatial_forcing_object_proprio_projector,libero_layer2,libero_object,Spatial Forcing,third_party_policy,haofuly/spatial-forcing-7b-finetuned-libero-object,7dae9150e87b05ee02d867d4e0f36343a46a8d77,proprio_projector--latest_checkpoint.pt,67275256,80e4827d2abc5a02515ab8858100e6eac13a0119e8f0f8349e4b1c1e6981aa24,verified_hf_lfs_sha256,false,local Hugging Face cache metadata for source_repo_or_model_id at upstream_revision named in this row,Binary checkpoint excluded.
spatial_forcing_10_action_head,libero_layer2,libero_10,Spatial Forcing,third_party_policy,haofuly/spatial-forcing-7b-finetuned-libero-10,737f7e02dec79d8a3a26ab44738926183aed059e,action_head--latest_checkpoint.pt,302242674,ce77f222ee4261a7214a99731b08de03296d7d8272209c1b1d9d73d470950b31,verified_hf_lfs_sha256,false,local Hugging Face cache metadata for source_repo_or_model_id at upstream_revision named in this row,Binary checkpoint excluded.
spatial_forcing_10_align_projector,libero_layer2,libero_10,Spatial Forcing,third_party_policy,haofuly/spatial-forcing-7b-finetuned-libero-10,737f7e02dec79d8a3a26ab44738926183aed059e,align_projector--latest_checkpoint.pt,50383958,768676cdfc05237701a44d81b98e6588f224ad1376319fad1f660c7e79e4b823,verified_hf_lfs_sha256,false,local Hugging Face cache metadata for source_repo_or_model_id at upstream_revision named in this row,Binary checkpoint excluded.
spatial_forcing_10_adapter,libero_layer2,libero_10,Spatial Forcing,third_party_policy,haofuly/spatial-forcing-7b-finetuned-libero-10,737f7e02dec79d8a3a26ab44738926183aed059e,lora_adapter/adapter_model.safetensors,484458600,2425fcf0e30500f488bfed587b887d60364de9a059ec0790ca4ff411a3a67ed0,verified_hf_lfs_sha256,false,local Hugging Face cache metadata for source_repo_or_model_id at upstream_revision named in this row,Binary checkpoint excluded.
spatial_forcing_10_model1,libero_layer2,libero_10,Spatial Forcing,third_party_policy,haofuly/spatial-forcing-7b-finetuned-libero-10,737f7e02dec79d8a3a26ab44738926183aed059e,model-00001-of-00004.safetensors,4925122448,260b439c198b7439b8154ea3461d4364e64b4299db45b5329d6de9f9a9d0a8dc,verified_hf_lfs_sha256,false,local Hugging Face cache metadata for source_repo_or_model_id at upstream_revision named in this row,Binary checkpoint excluded.
spatial_forcing_10_model2,libero_layer2,libero_10,Spatial Forcing,third_party_policy,haofuly/spatial-forcing-7b-finetuned-libero-10,737f7e02dec79d8a3a26ab44738926183aed059e,model-00002-of-00004.safetensors,4947392496,e5b0823c0cbc506e68eef000a8fe02439083044c6a5af857724bfe710e4a47bc,verified_hf_lfs_sha256,false,local Hugging Face cache metadata for source_repo_or_model_id at upstream_revision named in this row,Binary checkpoint excluded.
spatial_forcing_10_model3,libero_layer2,libero_10,Spatial Forcing,third_party_policy,haofuly/spatial-forcing-7b-finetuned-libero-10,737f7e02dec79d8a3a26ab44738926183aed059e,model-00003-of-00004.safetensors,4947417456,69071bffc08441a4a54872adf0e7355ee001ad97281210b7828b2772fcf5f8df,verified_hf_lfs_sha256,false,local Hugging Face cache metadata for source_repo_or_model_id at upstream_revision named in this row,Binary checkpoint excluded.
spatial_forcing_10_model4,libero_layer2,libero_10,Spatial Forcing,third_party_policy,haofuly/spatial-forcing-7b-finetuned-libero-10,737f7e02dec79d8a3a26ab44738926183aed059e,model-00004-of-00004.safetensors,262668432,a877e3fece1feafb80f59f91585ce04379ee39e2bf9a25cb7b4acf237e896e60,verified_hf_lfs_sha256,false,local Hugging Face cache metadata for source_repo_or_model_id at upstream_revision named in this row,Binary checkpoint excluded.
spatial_forcing_10_proprio_projector,libero_layer2,libero_10,Spatial Forcing,third_party_policy,haofuly/spatial-forcing-7b-finetuned-libero-10,737f7e02dec79d8a3a26ab44738926183aed059e,proprio_projector--latest_checkpoint.pt,67275256,5016b0341019a0dd5feefca6064a30f3ca980f3da95de05331b1e480f90e2288,verified_hf_lfs_sha256,false,local Hugging Face cache metadata for source_repo_or_model_id at upstream_revision named in this row,Binary checkpoint excluded.
openvla_oft_goal_action_head,libero_goal_pairwise_d,libero_goal,OpenVLA-OFT,third_party_policy,moojink/openvla-7b-oft-finetuned-libero-goal,c2d0f9fbbd82674683b397ff923168a12f6a307b,action_head--50000_checkpoint.pt,302242654,b97c2e8939ede32d8a1b29e9565d70f22040ba9e54925665e81989a0cc13ccff,verified_hf_lfs_sha256,false,local Hugging Face cache metadata for source_repo_or_model_id at upstream_revision named in this row,Binary checkpoint excluded.
openvla_oft_goal_adapter,libero_goal_pairwise_d,libero_goal,OpenVLA-OFT,third_party_policy,moojink/openvla-7b-oft-finetuned-libero-goal,c2d0f9fbbd82674683b397ff923168a12f6a307b,lora_adapter/adapter_model.safetensors,484458600,1e94a9d9641a385852d37a85d24d3f3c2db05a4d3d772379bff37c9d5f1520ae,verified_hf_lfs_sha256,false,local Hugging Face cache metadata for source_repo_or_model_id at upstream_revision named in this row,Binary checkpoint excluded.
openvla_oft_goal_model1,libero_goal_pairwise_d,libero_goal,OpenVLA-OFT,third_party_policy,moojink/openvla-7b-oft-finetuned-libero-goal,c2d0f9fbbd82674683b397ff923168a12f6a307b,model-00001-of-00004.safetensors,4925122448,aae1b9bfffacaf15e209bc8296ffa9bd07baa41d673ab005696a82525b880b2f,verified_hf_lfs_sha256,false,local Hugging Face cache metadata for source_repo_or_model_id at upstream_revision named in this row,Binary checkpoint excluded.
openvla_oft_goal_model2,libero_goal_pairwise_d,libero_goal,OpenVLA-OFT,third_party_policy,moojink/openvla-7b-oft-finetuned-libero-goal,c2d0f9fbbd82674683b397ff923168a12f6a307b,model-00002-of-00004.safetensors,4947392496,4cd51d327e1891f24f75d033017ed3824cc5fb9009e38498efd2dca6f89ee01d,verified_hf_lfs_sha256,false,local Hugging Face cache metadata for source_repo_or_model_id at upstream_revision named in this row,Binary checkpoint excluded.
openvla_oft_goal_model3,libero_goal_pairwise_d,libero_goal,OpenVLA-OFT,third_party_policy,moojink/openvla-7b-oft-finetuned-libero-goal,c2d0f9fbbd82674683b397ff923168a12f6a307b,model-00003-of-00004.safetensors,4947417456,f1c361c4cbd78b60ccea81538ca1626e00e54baba70528af8c08577771768329,verified_hf_lfs_sha256,false,local Hugging Face cache metadata for source_repo_or_model_id at upstream_revision named in this row,Binary checkpoint excluded.
openvla_oft_goal_model4,libero_goal_pairwise_d,libero_goal,OpenVLA-OFT,third_party_policy,moojink/openvla-7b-oft-finetuned-libero-goal,c2d0f9fbbd82674683b397ff923168a12f6a307b,model-00004-of-00004.safetensors,262668432,a877e3fece1feafb80f59f91585ce04379ee39e2bf9a25cb7b4acf237e896e60,verified_hf_lfs_sha256,false,local Hugging Face cache metadata for source_repo_or_model_id at upstream_revision named in this row,Binary checkpoint excluded.
openvla_oft_goal_proprio_projector,libero_goal_pairwise_d,libero_goal,OpenVLA-OFT,third_party_policy,moojink/openvla-7b-oft-finetuned-libero-goal,c2d0f9fbbd82674683b397ff923168a12f6a307b,proprio_projector--50000_checkpoint.pt,67275184,780595e9cca5292348697686f9ccc83d39d9d3d303e860d62c6d4609952dfff1,verified_hf_lfs_sha256,false,local Hugging Face cache metadata for source_repo_or_model_id at upstream_revision named in this row,Binary checkpoint excluded.
hif_vla_goal_action_head,libero_goal_pairwise_d,libero_goal,HiF-VLA,third_party_policy,minnielin/hifvla-libero-goal,1d7af41cebb659a6fcb22d2967cb36bbb0fe2658,action_head--checkpoint.pt,411765086,e9875fac30121a3c50da3c205d0b0798c0dfa6422334b5129ab6a0b97e2614a2,verified_hf_lfs_sha256,false,local Hugging Face cache metadata for source_repo_or_model_id at upstream_revision named in this row,Binary checkpoint excluded.
hif_vla_goal_adapter,libero_goal_pairwise_d,libero_goal,HiF-VLA,third_party_policy,minnielin/hifvla-libero-goal,1d7af41cebb659a6fcb22d2967cb36bbb0fe2658,lora_adapter/adapter_model.safetensors,484458600,d619a149acbbe086f8c61a8cbbe908acdb0ffc2644caffe0d019ea0c0b2dd6e8,verified_hf_lfs_sha256,false,local Hugging Face cache metadata for source_repo_or_model_id at upstream_revision named in this row,Binary checkpoint excluded.
hif_vla_goal_model1,libero_goal_pairwise_d,libero_goal,HiF-VLA,third_party_policy,minnielin/hifvla-libero-goal,1d7af41cebb659a6fcb22d2967cb36bbb0fe2658,model-00001-of-00004.safetensors,4925122448,15ddbdbd0f0a28a165ba6c08e374b951063269feeee2b891a69eb7606585c413,verified_hf_lfs_sha256,false,local Hugging Face cache metadata for source_repo_or_model_id at upstream_revision named in this row,Binary checkpoint excluded.
hif_vla_goal_model2,libero_goal_pairwise_d,libero_goal,HiF-VLA,third_party_policy,minnielin/hifvla-libero-goal,1d7af41cebb659a6fcb22d2967cb36bbb0fe2658,model-00002-of-00004.safetensors,4947392496,0f87e57780d8d0ddf5eddfb93fcf950265e979ba75450ae12364a1185d41c615,verified_hf_lfs_sha256,false,local Hugging Face cache metadata for source_repo_or_model_id at upstream_revision named in this row,Binary checkpoint excluded.
hif_vla_goal_model3,libero_goal_pairwise_d,libero_goal,HiF-VLA,third_party_policy,minnielin/hifvla-libero-goal,1d7af41cebb659a6fcb22d2967cb36bbb0fe2658,model-00003-of-00004.safetensors,4947417456,85bdca2b0c9ba4b900e6f4ca23d6116b127567b9877a693cb5ca5888479e8451,verified_hf_lfs_sha256,false,local Hugging Face cache metadata for source_repo_or_model_id at upstream_revision named in this row,Binary checkpoint excluded.
hif_vla_goal_model4,libero_goal_pairwise_d,libero_goal,HiF-VLA,third_party_policy,minnielin/hifvla-libero-goal,1d7af41cebb659a6fcb22d2967cb36bbb0fe2658,model-00004-of-00004.safetensors,262668432,a877e3fece1feafb80f59f91585ce04379ee39e2bf9a25cb7b4acf237e896e60,verified_hf_lfs_sha256,false,local Hugging Face cache metadata for source_repo_or_model_id at upstream_revision named in this row,Binary checkpoint excluded.
hif_vla_goal_motion_encoder,libero_goal_pairwise_d,libero_goal,HiF-VLA,third_party_policy,minnielin/hifvla-libero-goal,1d7af41cebb659a6fcb22d2967cb36bbb0fe2658,motion_encoder--checkpoint.pt,252377949,74169dac269153307773beabad3bdd306c778b0e9c50142a7df2d1b6584c2f9d,verified_hf_lfs_sha256,false,local Hugging Face cache metadata for source_repo_or_model_id at upstream_revision named in this row,Binary checkpoint excluded.
hif_vla_goal_motion_manager,libero_goal_pairwise_d,libero_goal,HiF-VLA,third_party_policy,minnielin/hifvla-libero-goal,1d7af41cebb659a6fcb22d2967cb36bbb0fe2658,motion_manager--checkpoint.pt,263988,95cba1e35e48b9be425d5a78e0ff1002ed912485d5371815a3edeb7b76204715,verified_hf_lfs_sha256,false,local Hugging Face cache metadata for source_repo_or_model_id at upstream_revision named in this row,Binary checkpoint excluded.
hif_vla_goal_proprio_projector,libero_goal_pairwise_d,libero_goal,HiF-VLA,third_party_policy,minnielin/hifvla-libero-goal,1d7af41cebb659a6fcb22d2967cb36bbb0fe2658,proprio_projector--checkpoint.pt,67275256,66fd8c3bb88deb51490dccd50f050ba5388b46de0e1424cf677f348e4448c8a5,verified_hf_lfs_sha256,false,local Hugging Face cache metadata for source_repo_or_model_id at upstream_revision named in this row,Binary checkpoint excluded.
simvla_libero_model,libero_goal_pairwise_d;libero_layer2,libero_all_suites,SimVLA,third_party_policy,YuankaiLuo/SimVLA-LIBERO,93dc4d90b0596c652ad2840ad743c62b9c4473fb,model.safetensors,3245529028,9d3b1767773da86906d771b1eca2c2911087371bf8b3890a7336b6773270f6be,verified_hf_lfs_sha256,false,local Hugging Face cache metadata for source_repo_or_model_id at upstream_revision named in this row,Binary checkpoint excluded.
pi05_libero_model,libero_goal_pairwise_d;libero_layer2,libero_all_suites,Pi0.5 LeRobot,third_party_policy,lerobot/pi05_libero_finetuned,dbf8a3f794a9c4297b44f40b752712f50073d945,model.safetensors,7473096344,877b3ec1130548b69af7f8aeef3ec9d3fc7738040f0b9beb490857ec970997ae,verified_hf_lfs_sha256,false,local Hugging Face cache metadata for source_repo_or_model_id at upstream_revision named in this row,Binary checkpoint excluded.
pi05_libero_postprocessor,libero_goal_pairwise_d;libero_layer2,libero_all_suites,Pi0.5 LeRobot processor,third_party_policy,lerobot/pi05_libero_finetuned,dbf8a3f794a9c4297b44f40b752712f50073d945,policy_postprocessor_step_0_unnormalizer_processor.safetensors,7668,a002c0df7f79c5b169c5a899ad151d4ea1bed246c7d82bd93ed1556558d517a9,verified_hf_lfs_sha256,false,local Hugging Face cache metadata for source_repo_or_model_id at upstream_revision named in this row,Binary checkpoint excluded.
pi05_libero_preprocessor,libero_goal_pairwise_d;libero_layer2,libero_all_suites,Pi0.5 LeRobot processor,third_party_policy,lerobot/pi05_libero_finetuned,dbf8a3f794a9c4297b44f40b752712f50073d945,policy_preprocessor_step_2_normalizer_processor.safetensors,7668,a002c0df7f79c5b169c5a899ad151d4ea1bed246c7d82bd93ed1556558d517a9,verified_hf_lfs_sha256,false,local Hugging Face cache metadata for source_repo_or_model_id at upstream_revision named in this row,Binary checkpoint excluded.
