benchmark,track,paper_name,source_csv,source_line,current_column,previous_sota_column,current_score,previous_sota_score,reported_delta,score_unit,previous_sota_scaled_count,current_scaled_count,previous_sota_count,current_count,previous_sota_rounding_residual,current_rounding_residual,count_rounding_method,count_delta,T,S,R,alpha,z_critical,necessary_count_delta,sufficient_count_delta,necessary_score_delta,sufficient_score_delta,category,notes
LIBERO,spatial,Balancing Signal and Variance: Adaptive Offline RL Post-Training for VLA Flow Models,leaderboards/stat_significance_sam_export_20260522T233929/sam_libero_official_prev_sota.csv,28,libero_spatial,libero_spatial_prev_sota,95.8,95.6,0.2,percent,478,479,478,479,0,0,python_round_nearest_even_matches_significance_cutoffs,1,10,50,1,0.05,1.644853627,3,10,0.6,2,provably_not_significant,Per-suite binary success rate over 10 tasks x 50 official trials.
LIBERO,spatial,Bridging Scale Discrepancies in Robotic Control via Language-Based Action Representations,leaderboards/stat_significance_sam_export_20260522T233929/sam_libero_official_prev_sota.csv,31,libero_spatial,libero_spatial_prev_sota,84.8,84.7,0.1,percent,423.5,424,424,424,-0.5,0,python_round_nearest_even_matches_significance_cutoffs,0,10,50,1,0.05,1.644853627,3,20,0.6,4,provably_not_significant,Per-suite binary success rate over 10 tasks x 50 official trials.
LIBERO,spatial,CoA-VLA: Improving Vision-Language-Action Models via Visual-Textual Chain-of-Affordance,leaderboards/stat_significance_sam_export_20260522T233929/sam_libero_official_prev_sota.csv,33,libero_spatial,libero_spatial_prev_sota,85.3,84.7,0.6,percent,423.5,426.5,424,426,-0.5,0.5,python_round_nearest_even_matches_significance_cutoffs,2,10,50,1,0.05,1.644853627,3,20,0.6,4,provably_not_significant,Per-suite binary success rate over 10 tasks x 50 official trials.
LIBERO,spatial,DiG-Flow: Discrepancy-Guided Flow Matching for Robust VLA Models,leaderboards/stat_significance_sam_export_20260522T233929/sam_libero_official_prev_sota.csv,46,libero_spatial,libero_spatial_prev_sota,99.2,98.8,0.4,percent,494,496,494,496,0,0,python_round_nearest_even_matches_significance_cutoffs,2,10,50,1,0.05,1.644853627,3,5,0.6,1,provably_not_significant,Per-suite binary success rate over 10 tasks x 50 official trials.
LIBERO,spatial,Discrete Diffusion VLA: Bringing Discrete Diffusion to Action Decoding in Vision-Language-Action Policies,leaderboards/stat_significance_sam_export_20260522T233929/sam_libero_official_prev_sota.csv,47,libero_spatial,libero_spatial_prev_sota,97.2,96.9,0.3,percent,484.5,486,485,486,-0.5,0,python_round_nearest_even_matches_significance_cutoffs,1,10,50,1,0.05,1.644853627,3,8,0.6,1.6,provably_not_significant,Per-suite binary success rate over 10 tasks x 50 official trials.
LIBERO,spatial,dVLA: Diffusion Vision-Language-Action Model with Multimodal Chain-of-Thought,leaderboards/stat_significance_sam_export_20260522T233929/sam_libero_official_prev_sota.csv,52,libero_spatial,libero_spatial_prev_sota,97.4,97.2,0.2,percent,486,487,486,487,0,5.684341886e-14,python_round_nearest_even_matches_significance_cutoffs,1,10,50,1,0.05,1.644853627,3,8,0.6,1.6,provably_not_significant,Per-suite binary success rate over 10 tasks x 50 official trials.
LIBERO,spatial,E0: Enhancing Generalization and Fine-Grained Control in VLA Models via Tweedie Discrete Diffusion,leaderboards/stat_significance_sam_export_20260522T233929/sam_libero_official_prev_sota.csv,53,libero_spatial,libero_spatial_prev_sota,97.2,96.8,0.4,percent,484,486,484,486,0,0,python_round_nearest_even_matches_significance_cutoffs,2,10,50,1,0.05,1.644853627,3,9,0.6,1.8,provably_not_significant,Per-suite binary success rate over 10 tasks x 50 official trials.
LIBERO,spatial,FreqPolicy: Efficient Flow-based Visuomotor Policy via Frequency Consistency,leaderboards/stat_significance_sam_export_20260522T233929/sam_libero_official_prev_sota.csv,66,libero_spatial,libero_spatial_prev_sota,97,96.6,0.4,percent,483,485,483,485,0,0,python_round_nearest_even_matches_significance_cutoffs,2,10,50,1,0.05,1.644853627,3,9,0.6,1.8,provably_not_significant,Per-suite binary success rate over 10 tasks x 50 official trials.
LIBERO,spatial,GeoPredict: Leveraging Predictive Kinematics and 3D Gaussian Geometry for Precise VLA Manipulation,leaderboards/stat_significance_sam_export_20260522T233929/sam_libero_official_prev_sota.csv,69,libero_spatial,libero_spatial_prev_sota,98,97.5,0.5,percent,487.5,490,488,490,-0.5,0,python_round_nearest_even_matches_significance_cutoffs,2,10,50,1,0.05,1.644853627,3,7,0.6,1.4,provably_not_significant,Per-suite binary success rate over 10 tasks x 50 official trials.
LIBERO,spatial,"HiF-VLA: Hindsight, Insight and Foresight through Motion Representation for Vision-Language-Action Models",leaderboards/stat_significance_sam_export_20260522T233929/sam_libero_official_prev_sota.csv,72,libero_spatial,libero_spatial_prev_sota,98.8,98.4,0.4,percent,492,494,492,494,5.684341886e-14,0,python_round_nearest_even_matches_significance_cutoffs,2,10,50,1,0.05,1.644853627,3,6,0.6,1.2,provably_not_significant,Per-suite binary success rate over 10 tasks x 50 official trials.
LIBERO,spatial,"Knowledge Insulating Vision-Language-Action Models: Train Fast, Run Fast, Generalize Better",leaderboards/stat_significance_sam_export_20260522T233929/sam_libero_official_prev_sota.csv,81,libero_spatial,libero_spatial_prev_sota,98,97.6,0.4,percent,488,490,488,490,0,0,python_round_nearest_even_matches_significance_cutoffs,2,10,50,1,0.05,1.644853627,3,7,0.6,1.4,provably_not_significant,Per-suite binary success rate over 10 tasks x 50 official trials.
LIBERO,spatial,LatBot: Distilling Universal Latent Actions for Vision-Language-Action Models,leaderboards/stat_significance_sam_export_20260522T233929/sam_libero_official_prev_sota.csv,83,libero_spatial,libero_spatial_prev_sota,99,98.8,0.2,percent,494,495,494,495,0,0,python_round_nearest_even_matches_significance_cutoffs,1,10,50,1,0.05,1.644853627,3,5,0.6,1,provably_not_significant,Per-suite binary success rate over 10 tasks x 50 official trials.
LIBERO,spatial,Latent Action Pretraining Through World Modeling,leaderboards/stat_significance_sam_export_20260522T233929/sam_libero_official_prev_sota.csv,84,libero_spatial,libero_spatial_prev_sota,99,98.8,0.2,percent,494,495,494,495,0,0,python_round_nearest_even_matches_significance_cutoffs,1,10,50,1,0.05,1.644853627,3,5,0.6,1,provably_not_significant,Per-suite binary success rate over 10 tasks x 50 official trials.
LIBERO,spatial,PixelVLA: Advancing Pixel-level Understanding in Vision-Language-Action Model,leaderboards/stat_significance_sam_export_20260522T233929/sam_libero_official_prev_sota.csv,99,libero_spatial,libero_spatial_prev_sota,88.5,88.2,0.3,percent,441,442.5,441,442,0,0.5,python_round_nearest_even_matches_significance_cutoffs,1,10,50,1,0.05,1.644853627,3,17,0.6,3.4,provably_not_significant,Per-suite binary success rate over 10 tasks x 50 official trials.
LIBERO,spatial,RetoVLA: Reusing Register Tokens for Spatial Reasoning in Vision-Language-Action Models,leaderboards/stat_significance_sam_export_20260522T233929/sam_libero_official_prev_sota.csv,105,libero_spatial,libero_spatial_prev_sota,76.2,75.8,0.4,percent,379,381,379,381,0,0,python_round_nearest_even_matches_significance_cutoffs,2,10,50,1,0.05,1.644853627,3,25,0.6,5,provably_not_significant,Per-suite binary success rate over 10 tasks x 50 official trials.
LIBERO,spatial,RoboNeuron: A Middle-Layer Infrastructure for Agent-Driven Orchestration in Embodied AI,leaderboards/stat_significance_sam_export_20260522T233929/sam_libero_official_prev_sota.csv,107,libero_spatial,libero_spatial_prev_sota,98.8,98.6,0.2,percent,493,494,493,494,0,0,python_round_nearest_even_matches_significance_cutoffs,1,10,50,1,0.05,1.644853627,3,5,0.6,1,provably_not_significant,Per-suite binary success rate over 10 tasks x 50 official trials.
LIBERO,spatial,Token Expand-Merge: Training-Free Token Compression for Vision-Language-Action Models,leaderboards/stat_significance_sam_export_20260522T233929/sam_libero_official_prev_sota.csv,125,libero_spatial,libero_spatial_prev_sota,99.2,99,0.2,percent,495,496,495,496,0,0,python_round_nearest_even_matches_significance_cutoffs,1,10,50,1,0.05,1.644853627,3,5,0.6,1,provably_not_significant,Per-suite binary success rate over 10 tasks x 50 official trials.
LIBERO,spatial,AcceRL: A Distributed Asynchronous Reinforcement Learning and World Model Framework for Vision-Language-Action Models,leaderboards/stat_significance_sam_export_20260522T233929/sam_libero_official_prev_sota.csv,145,libero_spatial,libero_spatial_prev_sota,99.6,99.4,0.2,percent,497,498,497,498,5.684341886e-14,0,python_round_nearest_even_matches_significance_cutoffs,1,10,50,1,0.05,1.644853627,3,3,0.6,0.6,provably_not_significant,Per-suite binary success rate over 10 tasks x 50 official trials.
LIBERO,spatial,ActionCodec: What Makes for Good Action Tokenizers,leaderboards/stat_significance_sam_export_20260522T233929/sam_libero_official_prev_sota.csv,149,libero_spatial,libero_spatial_prev_sota,97.2,97,0.2,percent,485,486,485,486,0,0,python_round_nearest_even_matches_significance_cutoffs,1,10,50,1,0.05,1.644853627,3,8,0.6,1.6,provably_not_significant,Per-suite binary success rate over 10 tasks x 50 official trials.
LIBERO,spatial,Adaptive Action Chunking at Inference-time for Vision-Language-Action Models,leaderboards/stat_significance_sam_export_20260522T233929/sam_libero_official_prev_sota.csv,150,libero_spatial,libero_spatial_prev_sota,94.4,94,0.4,percent,470,472,470,472,0,5.684341886e-14,python_round_nearest_even_matches_significance_cutoffs,2,10,50,1,0.05,1.644853627,3,12,0.6,2.4,provably_not_significant,Per-suite binary success rate over 10 tasks x 50 official trials.
LIBERO,spatial,Causal World Modeling for Robot Control,leaderboards/stat_significance_sam_export_20260522T233929/sam_libero_official_prev_sota.csv,160,libero_spatial,libero_spatial_prev_sota,98.5,98.2,0.3,percent,491,492.5,491,492,0,0.5,python_round_nearest_even_matches_significance_cutoffs,1,10,50,1,0.05,1.644853627,3,6,0.6,1.2,provably_not_significant,Per-suite binary success rate over 10 tasks x 50 official trials.
LIBERO,spatial,CKT-WAM: Parameter-Efficient Context Knowledge Transfer Between World Action Models,leaderboards/stat_significance_sam_export_20260522T233929/sam_libero_official_prev_sota.csv,163,libero_spatial,libero_spatial_prev_sota,99,98.8,0.2,percent,494,495,494,495,0,0,python_round_nearest_even_matches_significance_cutoffs,1,10,50,1,0.05,1.644853627,3,5,0.6,1,provably_not_significant,Per-suite binary success rate over 10 tasks x 50 official trials.
LIBERO,spatial,DySL-VLA: Efficient Vision-Language-Action Model Inference via Dynamic-Static Layer-Skipping for Robot Manipulation,leaderboards/stat_significance_sam_export_20260522T233929/sam_libero_official_prev_sota.csv,179,libero_spatial,libero_spatial_prev_sota,98,97.6,0.4,percent,488,490,488,490,0,0,python_round_nearest_even_matches_significance_cutoffs,2,10,50,1,0.05,1.644853627,3,7,0.6,1.4,provably_not_significant,Per-suite binary success rate over 10 tasks x 50 official trials.
LIBERO,spatial,FASTER: Rethinking Real-Time Flow VLAs,leaderboards/stat_significance_sam_export_20260522T233929/sam_libero_official_prev_sota.csv,185,libero_spatial,libero_spatial_prev_sota,99,98.8,0.2,percent,494,495,494,495,0,0,python_round_nearest_even_matches_significance_cutoffs,1,10,50,1,0.05,1.644853627,3,5,0.6,1,provably_not_significant,Per-suite binary success rate over 10 tasks x 50 official trials.
LIBERO,spatial,LangForce: Bayesian Decomposition of Vision Language Action Models via Latent Action Queries,leaderboards/stat_significance_sam_export_20260522T233929/sam_libero_official_prev_sota.csv,200,libero_spatial,libero_spatial_prev_sota,99.2,98.8,0.4,percent,494,496,494,496,0,0,python_round_nearest_even_matches_significance_cutoffs,2,10,50,1,0.05,1.644853627,3,5,0.6,1,provably_not_significant,Per-suite binary success rate over 10 tasks x 50 official trials.
LIBERO,spatial,Latent Bridge: Feature Delta Prediction for Efficient Dual-System Vision-Language-Action Model Inference,leaderboards/stat_significance_sam_export_20260522T233929/sam_libero_official_prev_sota.csv,204,libero_spatial,libero_spatial_prev_sota,99,98.83,0.17,percent,494.15,495,494,495,0.15,0,python_round_nearest_even_matches_significance_cutoffs,1,10,50,1,0.05,1.644853627,3,5,0.6,1,provably_not_significant,Per-suite binary success rate over 10 tasks x 50 official trials.
LIBERO,spatial,OmniVLA-RL: A Vision-Language-Action Model with Spatial Understanding and Online RL,leaderboards/stat_significance_sam_export_20260522T233929/sam_libero_official_prev_sota.csv,219,libero_spatial,libero_spatial_prev_sota,99.2,98.8,0.4,percent,494,496,494,496,0,0,python_round_nearest_even_matches_significance_cutoffs,2,10,50,1,0.05,1.644853627,3,5,0.6,1,provably_not_significant,Per-suite binary success rate over 10 tasks x 50 official trials.
LIBERO,spatial,Reshaping Action Error Distributions for Reliable Vision-Language-Action Models,leaderboards/stat_significance_sam_export_20260522T233929/sam_libero_official_prev_sota.csv,231,libero_spatial,libero_spatial_prev_sota,99.8,99.4,0.4,percent,497,499,497,499,5.684341886e-14,0,python_round_nearest_even_matches_significance_cutoffs,2,10,50,1,0.05,1.644853627,3,3,0.6,0.6,provably_not_significant,Per-suite binary success rate over 10 tasks x 50 official trials.
LIBERO,spatial,Robotic Manipulation is Vision-to-Geometry Mapping ($f(v) \rightarrow G$): Vision-Geometry Backbones over Language and Video Models,leaderboards/stat_significance_sam_export_20260522T233929/sam_libero_official_prev_sota.csv,239,libero_spatial,libero_spatial_prev_sota,99,98.8,0.2,percent,494,495,494,495,0,0,python_round_nearest_even_matches_significance_cutoffs,1,10,50,1,0.05,1.644853627,3,5,0.6,1,provably_not_significant,Per-suite binary success rate over 10 tasks x 50 official trials.
LIBERO,spatial,StarVLA: A Lego-like Codebase for Vision-Language-Action Model Developing,leaderboards/stat_significance_sam_export_20260522T233929/sam_libero_official_prev_sota.csv,253,libero_spatial,libero_spatial_prev_sota,97.8,97.6,0.2,percent,488,489,488,489,0,0,python_round_nearest_even_matches_significance_cutoffs,1,10,50,1,0.05,1.644853627,3,7,0.6,1.4,provably_not_significant,Per-suite binary success rate over 10 tasks x 50 official trials.
LIBERO,spatial,StarVLA-$α$: Reducing Complexity in Vision-Language-Action Systems,leaderboards/stat_significance_sam_export_20260522T233929/sam_libero_official_prev_sota.csv,254,libero_spatial,libero_spatial_prev_sota,99,98.8,0.2,percent,494,495,494,495,0,0,python_round_nearest_even_matches_significance_cutoffs,1,10,50,1,0.05,1.644853627,3,5,0.6,1,provably_not_significant,Per-suite binary success rate over 10 tasks x 50 official trials.
LIBERO,spatial,StreamVLA: Breaking the Reason-Act Cycle via Completion-State Gating,leaderboards/stat_significance_sam_export_20260522T233929/sam_libero_official_prev_sota.csv,256,libero_spatial,libero_spatial_prev_sota,99.2,98.8,0.4,percent,494,496,494,496,0,0,python_round_nearest_even_matches_significance_cutoffs,2,10,50,1,0.05,1.644853627,3,5,0.6,1,provably_not_significant,Per-suite binary success rate over 10 tasks x 50 official trials.
LIBERO,spatial,Towards Long-Lived Robots: Continual Learning VLA Models via Reinforcement Fine-Tuning,leaderboards/stat_significance_sam_export_20260522T233929/sam_libero_official_prev_sota.csv,262,libero_spatial,libero_spatial_prev_sota,98.2,98,0.2,percent,490,491,490,491,0,0,python_round_nearest_even_matches_significance_cutoffs,1,10,50,1,0.05,1.644853627,3,7,0.6,1.4,provably_not_significant,Per-suite binary success rate over 10 tasks x 50 official trials.
LIBERO,spatial,VLA-Adapter: An Effective Paradigm for Tiny-Scale Vision-Language-Action Model,leaderboards/stat_significance_sam_export_20260522T233929/sam_libero_official_prev_sota.csv,269,libero_spatial,libero_spatial_prev_sota,97.8,97.6,0.2,percent,488,489,488,489,0,0,python_round_nearest_even_matches_significance_cutoffs,1,10,50,1,0.05,1.644853627,3,7,0.6,1.4,provably_not_significant,Per-suite binary success rate over 10 tasks x 50 official trials.
LIBERO,spatial,OA-WAM: Object-Addressable World Action Model for Robust Robot Manipulation,leaderboards/stat_significance_sam_export_20260522T233929/sam_libero_official_prev_sota.csv,287,libero_spatial,libero_spatial_prev_sota,98.9,98.8,0.1,percent,494,494.5,494,495,0,-0.5,python_round_nearest_even_matches_significance_cutoffs,1,10,50,1,0.05,1.644853627,3,5,0.6,1,provably_not_significant,Per-suite binary success rate over 10 tasks x 50 official trials.
LIBERO,spatial,IVRA: Improving Visual-Token Relations for Robot Action Policy with Training-Free Hint-Based Guidance,leaderboards/stat_significance_sam_export_20260522T233929/sam_libero_official_prev_sota.csv,294,libero_spatial,libero_spatial_prev_sota,97.3,97.2,0.1,percent,486,486.5,486,486,0,0.5,python_round_nearest_even_matches_significance_cutoffs,0,10,50,1,0.05,1.644853627,3,8,0.6,1.6,provably_not_significant,Per-suite binary success rate over 10 tasks x 50 official trials.
LIBERO,spatial,Much Ado About Noising: Dispelling the Myths of Generative Robotic Control,leaderboards/stat_significance_sam_export_20260522T233929/sam_libero_official_prev_sota.csv,297,libero_spatial,libero_spatial_prev_sota,97.6,97.2,0.4,percent,486,488,486,488,0,0,python_round_nearest_even_matches_significance_cutoffs,2,10,50,1,0.05,1.644853627,3,8,0.6,1.6,provably_not_significant,Per-suite binary success rate over 10 tasks x 50 official trials.
LIBERO,spatial,IntentVLA: Short-Horizon Intent Modeling for Aliased Robot Manipulation,leaderboards/stat_significance_sam_export_20260522T233929/sam_libero_official_prev_sota.csv,302,libero_spatial,libero_spatial_prev_sota,99.3,99.2,0.1,percent,496,496.5,496,496,0,0.5,python_round_nearest_even_matches_significance_cutoffs,0,10,50,1,0.05,1.644853627,3,4,0.6,0.8,provably_not_significant,Per-suite binary success rate over 10 tasks x 50 official trials.
LIBERO,spatial,"Guide, Think, Act: Interactive Embodied Reasoning in Vision-Language-Action Models",leaderboards/stat_significance_sam_export_20260522T233929/sam_libero_official_prev_sota.csv,306,libero_spatial,libero_spatial_prev_sota,99,98.8,0.2,percent,494,495,494,495,0,0,python_round_nearest_even_matches_significance_cutoffs,1,10,50,1,0.05,1.644853627,3,5,0.6,1,provably_not_significant,Per-suite binary success rate over 10 tasks x 50 official trials.
LIBERO,spatial,See What Matters: Differentiable Grid Sample Pruning for Generalizable Vision-Language-Action Model,leaderboards/stat_significance_sam_export_20260522T233929/sam_libero_official_prev_sota.csv,310,libero_spatial,libero_spatial_prev_sota,98.6,98.4,0.2,percent,492,493,492,493,5.684341886e-14,0,python_round_nearest_even_matches_significance_cutoffs,1,10,50,1,0.05,1.644853627,3,6,0.6,1.2,provably_not_significant,Per-suite binary success rate over 10 tasks x 50 official trials.
LIBERO,spatial,ALAM: Algebraically Consistent Latent Action Model for Vision-Language-Action Models,leaderboards/stat_significance_sam_export_20260522T233929/sam_libero_official_prev_sota.csv,314,libero_spatial,libero_spatial_prev_sota,99.2,98.8,0.4,percent,494,496,494,496,0,0,python_round_nearest_even_matches_significance_cutoffs,2,10,50,1,0.05,1.644853627,3,5,0.6,1,provably_not_significant,Per-suite binary success rate over 10 tasks x 50 official trials.
LIBERO,spatial,ECHO: Continuous Hierarchical Memory for Vision-Language-Action Models,leaderboards/stat_significance_sam_export_20260522T233929/sam_libero_official_prev_sota.csv,318,libero_spatial,libero_spatial_prev_sota,98.3,98,0.3,percent,490,491.5,490,492,0,-0.5,python_round_nearest_even_matches_significance_cutoffs,2,10,50,1,0.05,1.644853627,3,7,0.6,1.4,provably_not_significant,Per-suite binary success rate over 10 tasks x 50 official trials.
LIBERO,object,MaIL: Improving Imitation Learning with Mamba,leaderboards/stat_significance_sam_export_20260522T233929/sam_libero_official_prev_sota.csv,10,libero_object,libero_object_prev_sota,81.5,81.2,0.3,percent,406,407.5,406,408,0,-0.5,python_round_nearest_even_matches_significance_cutoffs,2,10,50,1,0.05,1.644853627,3,22,0.6,4.4,provably_not_significant,Per-suite binary success rate over 10 tasks x 50 official trials.
LIBERO,object,AsyncVLA: Asynchronous Flow Matching for Vision-Language-Action Models,leaderboards/stat_significance_sam_export_20260522T233929/sam_libero_official_prev_sota.csv,24,libero_object,libero_object_prev_sota,99.2,98.8,0.4,percent,494,496,494,496,0,0,python_round_nearest_even_matches_significance_cutoffs,2,10,50,1,0.05,1.644853627,3,5,0.6,1,provably_not_significant,Per-suite binary success rate over 10 tasks x 50 official trials.
LIBERO,object,Audio-VLA: Adding Contact Audio Perception to Vision-Language-Action Model for Robotic Manipulation,leaderboards/stat_significance_sam_export_20260522T233929/sam_libero_official_prev_sota.csv,26,libero_object,libero_object_prev_sota,98.5,98.4,0.1,percent,492,492.5,492,492,5.684341886e-14,0.5,python_round_nearest_even_matches_significance_cutoffs,0,10,50,1,0.05,1.644853627,3,6,0.6,1.2,provably_not_significant,Per-suite binary success rate over 10 tasks x 50 official trials.
LIBERO,object,BitVLA: 1-bit Vision-Language-Action Models for Robotics Manipulation,leaderboards/stat_significance_sam_export_20260522T233929/sam_libero_official_prev_sota.csv,30,libero_object,libero_object_prev_sota,99,98.8,0.2,percent,494,495,494,495,0,0,python_round_nearest_even_matches_significance_cutoffs,1,10,50,1,0.05,1.644853627,3,5,0.6,1,provably_not_significant,Per-suite binary success rate over 10 tasks x 50 official trials.
LIBERO,object,Compressor-VLA: Instruction-Guided Visual Token Compression for Efficient Robotic Manipulation,leaderboards/stat_significance_sam_export_20260522T233929/sam_libero_official_prev_sota.csv,35,libero_object,libero_object_prev_sota,99.2,98.8,0.4,percent,494,496,494,496,0,0,python_round_nearest_even_matches_significance_cutoffs,2,10,50,1,0.05,1.644853627,3,5,0.6,1,provably_not_significant,Per-suite binary success rate over 10 tasks x 50 official trials.
LIBERO,object,Conditioning Matters: Training Diffusion Policies is Faster Than You Think,leaderboards/stat_significance_sam_export_20260522T233929/sam_libero_official_prev_sota.csv,36,libero_object,libero_object_prev_sota,99.1,98.8,0.3,percent,494,495.5,494,496,0,-0.5,python_round_nearest_even_matches_significance_cutoffs,2,10,50,1,0.05,1.644853627,3,5,0.6,1,provably_not_significant,Per-suite binary success rate over 10 tasks x 50 official trials.
LIBERO,object,DeepThinkVLA: Enhancing Reasoning Capability of Vision-Language-Action Models,leaderboards/stat_significance_sam_export_20260522T233929/sam_libero_official_prev_sota.csv,43,libero_object,libero_object_prev_sota,99,98.8,0.2,percent,494,495,494,495,0,0,python_round_nearest_even_matches_significance_cutoffs,1,10,50,1,0.05,1.644853627,3,5,0.6,1,provably_not_significant,Per-suite binary success rate over 10 tasks x 50 official trials.
LIBERO,object,Dejavu: Towards Experience Feedback Learning for Embodied Intelligence,leaderboards/stat_significance_sam_export_20260522T233929/sam_libero_official_prev_sota.csv,44,libero_object,libero_object_prev_sota,98.2,97.9,0.3,percent,489.5,491,490,491,-0.5,0,python_round_nearest_even_matches_significance_cutoffs,1,10,50,1,0.05,1.644853627,3,7,0.6,1.4,provably_not_significant,Per-suite binary success rate over 10 tasks x 50 official trials.
LIBERO,object,FLOWER: Democratizing Generalist Robot Policies with Efficient Vision-Language-Action Flow Policies,leaderboards/stat_significance_sam_export_20260522T233929/sam_libero_official_prev_sota.csv,64,libero_object,libero_object_prev_sota,99.1,98.8,0.3,percent,494,495.5,494,496,0,-0.5,python_round_nearest_even_matches_significance_cutoffs,2,10,50,1,0.05,1.644853627,3,5,0.6,1,provably_not_significant,Per-suite binary success rate over 10 tasks x 50 official trials.
LIBERO,object,Goal-oriented Backdoor Attack against Vision-Language-Action Models via Physical Objects,leaderboards/stat_significance_sam_export_20260522T233929/sam_libero_official_prev_sota.csv,70,libero_object,libero_object_prev_sota,99.1,98.8,0.3,percent,494,495.5,494,496,0,-0.5,python_round_nearest_even_matches_significance_cutoffs,2,10,50,1,0.05,1.644853627,3,5,0.6,1,provably_not_significant,Per-suite binary success rate over 10 tasks x 50 official trials.
LIBERO,object,InternVLA-M1: A Spatially Guided Vision-Language-Action Framework for Generalist Robot Policy,leaderboards/stat_significance_sam_export_20260522T233929/sam_libero_official_prev_sota.csv,80,libero_object,libero_object_prev_sota,99,98.8,0.2,percent,494,495,494,495,0,0,python_round_nearest_even_matches_significance_cutoffs,1,10,50,1,0.05,1.644853627,3,5,0.6,1,provably_not_significant,Per-suite binary success rate over 10 tasks x 50 official trials.
LIBERO,object,LatBot: Distilling Universal Latent Actions for Vision-Language-Action Models,leaderboards/stat_significance_sam_export_20260522T233929/sam_libero_official_prev_sota.csv,83,libero_object,libero_object_prev_sota,98.8,98.4,0.4,percent,492,494,492,494,5.684341886e-14,0,python_round_nearest_even_matches_significance_cutoffs,2,10,50,1,0.05,1.644853627,3,6,0.6,1.2,provably_not_significant,Per-suite binary success rate over 10 tasks x 50 official trials.
LIBERO,object,Mantis: A Versatile Vision-Language-Action Model with Disentangled Visual Foresight,leaderboards/stat_significance_sam_export_20260522T233929/sam_libero_official_prev_sota.csv,89,libero_object,libero_object_prev_sota,99.2,98.8,0.4,percent,494,496,494,496,0,0,python_round_nearest_even_matches_significance_cutoffs,2,10,50,1,0.05,1.644853627,3,5,0.6,1,provably_not_significant,Per-suite binary success rate over 10 tasks x 50 official trials.
LIBERO,object,Reinforcement Fine-Tuning of Flow-Matching Policies for Vision-Language-Action Models,leaderboards/stat_significance_sam_export_20260522T233929/sam_libero_official_prev_sota.csv,101,libero_object,libero_object_prev_sota,97.3,96.8,0.5,percent,484,486.5,484,486,0,0.5,python_round_nearest_even_matches_significance_cutoffs,2,10,50,1,0.05,1.644853627,3,9,0.6,1.8,provably_not_significant,Per-suite binary success rate over 10 tasks x 50 official trials.
LIBERO,object,RoboNeuron: A Middle-Layer Infrastructure for Agent-Driven Orchestration in Embodied AI,leaderboards/stat_significance_sam_export_20260522T233929/sam_libero_official_prev_sota.csv,107,libero_object,libero_object_prev_sota,98,97.6,0.4,percent,488,490,488,490,0,0,python_round_nearest_even_matches_significance_cutoffs,2,10,50,1,0.05,1.644853627,3,7,0.6,1.4,provably_not_significant,Per-suite binary success rate over 10 tasks x 50 official trials.
LIBERO,object,Robotic VLA Benefits from Joint Learning with Motion Image Diffusion,leaderboards/stat_significance_sam_export_20260522T233929/sam_libero_official_prev_sota.csv,108,libero_object,libero_object_prev_sota,99.2,98.8,0.4,percent,494,496,494,496,0,0,python_round_nearest_even_matches_significance_cutoffs,2,10,50,1,0.05,1.644853627,3,5,0.6,1,provably_not_significant,Per-suite binary success rate over 10 tasks x 50 official trials.
LIBERO,object,SimpleVLA-RL: Scaling VLA Training via Reinforcement Learning,leaderboards/stat_significance_sam_export_20260522T233929/sam_libero_official_prev_sota.csv,113,libero_object,libero_object_prev_sota,99.1,98.8,0.3,percent,494,495.5,494,496,0,-0.5,python_round_nearest_even_matches_significance_cutoffs,2,10,50,1,0.05,1.644853627,3,5,0.6,1,provably_not_significant,Per-suite binary success rate over 10 tasks x 50 official trials.
LIBERO,object,TGRPO: Fine-tuning Vision-Language-Action Model via Trajectory-wise Group Relative Policy Optimization,leaderboards/stat_significance_sam_export_20260522T233929/sam_libero_official_prev_sota.csv,122,libero_object,libero_object_prev_sota,92.2,92.1,0.1,percent,460.5,461,460,461,0.5,0,python_round_nearest_even_matches_significance_cutoffs,1,10,50,1,0.05,1.644853627,3,14,0.6,2.8,provably_not_significant,Per-suite binary success rate over 10 tasks x 50 official trials.
LIBERO,object,"Think Twice, Act Once: Token-Aware Compression and Action Reuse for Efficient Inference in Vision-Language-Action Models",leaderboards/stat_significance_sam_export_20260522T233929/sam_libero_official_prev_sota.csv,124,libero_object,libero_object_prev_sota,86.6,86.4,0.2,percent,432,433,432,433,5.684341886e-14,0,python_round_nearest_even_matches_significance_cutoffs,1,10,50,1,0.05,1.644853627,3,18,0.6,3.6,provably_not_significant,Per-suite binary success rate over 10 tasks x 50 official trials.
LIBERO,object,Conservative Offline Robot Policy Learning via Posterior-Transition Reweighting,leaderboards/stat_significance_sam_export_20260522T233929/sam_libero_official_prev_sota.csv,166,libero_object,libero_object_prev_sota,99.2,99,0.2,percent,495,496,495,496,0,0,python_round_nearest_even_matches_significance_cutoffs,1,10,50,1,0.05,1.644853627,3,5,0.6,1,provably_not_significant,Per-suite binary success rate over 10 tasks x 50 official trials.
LIBERO,object,CycleVLA: Proactive Self-Correcting Vision-Language-Action Models via Subtask Backtracking and Minimum Bayes Risk Decoding,leaderboards/stat_significance_sam_export_20260522T233929/sam_libero_official_prev_sota.csv,172,libero_object,libero_object_prev_sota,98.1,97.6,0.5,percent,488,490.5,488,490,0,0.5,python_round_nearest_even_matches_significance_cutoffs,2,10,50,1,0.05,1.644853627,3,7,0.6,1.4,provably_not_significant,Per-suite binary success rate over 10 tasks x 50 official trials.
LIBERO,object,MMaDA-VLA: Large Diffusion Vision-Language-Action Model with Unified Multi-Modal Instruction and Generation,leaderboards/stat_significance_sam_export_20260522T233929/sam_libero_official_prev_sota.csv,212,libero_object,libero_object_prev_sota,99.8,99.4,0.4,percent,497,499,497,499,5.684341886e-14,0,python_round_nearest_even_matches_significance_cutoffs,2,10,50,1,0.05,1.644853627,3,3,0.6,0.6,provably_not_significant,Per-suite binary success rate over 10 tasks x 50 official trials.
LIBERO,object,OmniVLA-RL: A Vision-Language-Action Model with Spatial Understanding and Online RL,leaderboards/stat_significance_sam_export_20260522T233929/sam_libero_official_prev_sota.csv,219,libero_object,libero_object_prev_sota,99.2,98.8,0.4,percent,494,496,494,496,0,0,python_round_nearest_even_matches_significance_cutoffs,2,10,50,1,0.05,1.644853627,3,5,0.6,1,provably_not_significant,Per-suite binary success rate over 10 tasks x 50 official trials.
LIBERO,object,Pri4R: Learning World Dynamics for Vision-Language-Action Models with Privileged 4D Representation,leaderboards/stat_significance_sam_export_20260522T233929/sam_libero_official_prev_sota.csv,224,libero_object,libero_object_prev_sota,98.6,98.2,0.4,percent,491,493,491,493,0,0,python_round_nearest_even_matches_significance_cutoffs,2,10,50,1,0.05,1.644853627,3,6,0.6,1.2,provably_not_significant,Per-suite binary success rate over 10 tasks x 50 official trials.
LIBERO,object,ProgressVLA: Progress-Guided Diffusion Policy for Vision-Language Robotic Manipulation,leaderboards/stat_significance_sam_export_20260522T233929/sam_libero_official_prev_sota.csv,226,libero_object,libero_object_prev_sota,96.4,96.3,0.1,percent,481.5,482,482,482,-0.5,5.684341886e-14,python_round_nearest_even_matches_significance_cutoffs,0,10,50,1,0.05,1.644853627,3,9,0.6,1.8,provably_not_significant,Per-suite binary success rate over 10 tasks x 50 official trials.
LIBERO,object,"Say, Dream, and Act: Learning Video World Models for Instruction-Driven Robot Manipulation",leaderboards/stat_significance_sam_export_20260522T233929/sam_libero_official_prev_sota.csv,242,libero_object,libero_object_prev_sota,99.2,98.8,0.4,percent,494,496,494,496,0,0,python_round_nearest_even_matches_significance_cutoffs,2,10,50,1,0.05,1.644853627,3,5,0.6,1,provably_not_significant,Per-suite binary success rate over 10 tasks x 50 official trials.
LIBERO,object,ST-$π$: Structured SpatioTemporal VLA for Robotic Manipulation,leaderboards/stat_significance_sam_export_20260522T233929/sam_libero_official_prev_sota.csv,251,libero_object,libero_object_prev_sota,98.3,98.2,0.1,percent,491,491.5,491,492,0,-0.5,python_round_nearest_even_matches_significance_cutoffs,1,10,50,1,0.05,1.644853627,3,6,0.6,1.2,provably_not_significant,Per-suite binary success rate over 10 tasks x 50 official trials.
LIBERO,object,Stable Language Guidance for Vision-Language-Action Models,leaderboards/stat_significance_sam_export_20260522T233929/sam_libero_official_prev_sota.csv,252,libero_object,libero_object_prev_sota,99.2,98.8,0.4,percent,494,496,494,496,0,0,python_round_nearest_even_matches_significance_cutoffs,2,10,50,1,0.05,1.644853627,3,5,0.6,1,provably_not_significant,Per-suite binary success rate over 10 tasks x 50 official trials.
LIBERO,object,Towards Long-Lived Robots: Continual Learning VLA Models via Reinforcement Fine-Tuning,leaderboards/stat_significance_sam_export_20260522T233929/sam_libero_official_prev_sota.csv,262,libero_object,libero_object_prev_sota,99.2,98.8,0.4,percent,494,496,494,496,0,0,python_round_nearest_even_matches_significance_cutoffs,2,10,50,1,0.05,1.644853627,3,5,0.6,1,provably_not_significant,Per-suite binary success rate over 10 tasks x 50 official trials.
LIBERO,object,VLA-Adapter: An Effective Paradigm for Tiny-Scale Vision-Language-Action Model,leaderboards/stat_significance_sam_export_20260522T233929/sam_libero_official_prev_sota.csv,269,libero_object,libero_object_prev_sota,99.2,98.8,0.4,percent,494,496,494,496,0,0,python_round_nearest_even_matches_significance_cutoffs,2,10,50,1,0.05,1.644853627,3,5,0.6,1,provably_not_significant,Per-suite binary success rate over 10 tasks x 50 official trials.
LIBERO,object,VLA-Thinker: Boosting Vision-Language-Action Models through Thinking-with-Image Reasoning,leaderboards/stat_significance_sam_export_20260522T233929/sam_libero_official_prev_sota.csv,276,libero_object,libero_object_prev_sota,99,98.8,0.2,percent,494,495,494,495,0,0,python_round_nearest_even_matches_significance_cutoffs,1,10,50,1,0.05,1.644853627,3,5,0.6,1,provably_not_significant,Per-suite binary success rate over 10 tasks x 50 official trials.
LIBERO,object,TAG: Target-Agnostic Guidance for Stable Object-Centric Inference in Vision-Language-Action Models,leaderboards/stat_significance_sam_export_20260522T233929/sam_libero_official_prev_sota.csv,289,libero_object,libero_object_prev_sota,99.2,99,0.2,percent,495,496,495,496,0,0,python_round_nearest_even_matches_significance_cutoffs,1,10,50,1,0.05,1.644853627,3,5,0.6,1,provably_not_significant,Per-suite binary success rate over 10 tasks x 50 official trials.
LIBERO,object,VLANeXt: Recipes for Building Strong VLA Models,leaderboards/stat_significance_sam_export_20260522T233929/sam_libero_official_prev_sota.csv,292,libero_object,libero_object_prev_sota,99.2,99.1,0.1,percent,495.5,496,496,496,-0.5,0,python_round_nearest_even_matches_significance_cutoffs,0,10,50,1,0.05,1.644853627,3,4,0.6,0.8,provably_not_significant,Per-suite binary success rate over 10 tasks x 50 official trials.
LIBERO,object,VGGT-$\Omega$,leaderboards/stat_significance_sam_export_20260522T233929/sam_libero_official_prev_sota.csv,301,libero_object,libero_object_prev_sota,99.2,98.8,0.4,percent,494,496,494,496,0,0,python_round_nearest_even_matches_significance_cutoffs,2,10,50,1,0.05,1.644853627,3,5,0.6,1,provably_not_significant,Per-suite binary success rate over 10 tasks x 50 official trials.
LIBERO,object,IntentVLA: Short-Horizon Intent Modeling for Aliased Robot Manipulation,leaderboards/stat_significance_sam_export_20260522T233929/sam_libero_official_prev_sota.csv,302,libero_object,libero_object_prev_sota,99.7,99.6,0.1,percent,498,498.5,498,498,0,0.5,python_round_nearest_even_matches_significance_cutoffs,0,10,50,1,0.05,1.644853627,unknown,unknown,unknown,unknown,provably_not_significant,Per-suite binary success rate over 10 tasks x 50 official trials.
LIBERO,object,Realtime-VLA FLASH: Speculative Inference Framework for Diffusion-based VLAs,leaderboards/stat_significance_sam_export_20260522T233929/sam_libero_official_prev_sota.csv,305,libero_object,libero_object_prev_sota,99.2,98.8,0.4,percent,494,496,494,496,0,0,python_round_nearest_even_matches_significance_cutoffs,2,10,50,1,0.05,1.644853627,3,5,0.6,1,provably_not_significant,Per-suite binary success rate over 10 tasks x 50 official trials.
LIBERO,object,ECHO: Continuous Hierarchical Memory for Vision-Language-Action Models,leaderboards/stat_significance_sam_export_20260522T233929/sam_libero_official_prev_sota.csv,318,libero_object,libero_object_prev_sota,98.8,98.4,0.4,percent,492,494,492,494,5.684341886e-14,0,python_round_nearest_even_matches_significance_cutoffs,2,10,50,1,0.05,1.644853627,3,6,0.6,1.2,provably_not_significant,Per-suite binary success rate over 10 tasks x 50 official trials.
LIBERO,goal,GRAPE: Generalizing Robot Policy via Preference Alignment,leaderboards/stat_significance_sam_export_20260522T233929/sam_libero_official_prev_sota.csv,9,libero_goal,libero_goal_prev_sota,83.1,82.9,0.2,percent,414.5,415.5,415,416,-0.5,-0.5,python_round_nearest_even_matches_significance_cutoffs,1,10,50,1,0.05,1.644853627,3,21,0.6,4.2,provably_not_significant,Per-suite binary success rate over 10 tasks x 50 official trials.
LIBERO,goal,AsyncVLA: Asynchronous Flow Matching for Vision-Language-Action Models,leaderboards/stat_significance_sam_export_20260522T233929/sam_libero_official_prev_sota.csv,24,libero_goal,libero_goal_prev_sota,98.6,98.2,0.4,percent,491,493,491,493,0,0,python_round_nearest_even_matches_significance_cutoffs,2,10,50,1,0.05,1.644853627,3,6,0.6,1.2,provably_not_significant,Per-suite binary success rate over 10 tasks x 50 official trials.
LIBERO,goal,Audio-VLA: Adding Contact Audio Perception to Vision-Language-Action Model for Robotic Manipulation,leaderboards/stat_significance_sam_export_20260522T233929/sam_libero_official_prev_sota.csv,26,libero_goal,libero_goal_prev_sota,98.2,97.9,0.3,percent,489.5,491,490,491,-0.5,0,python_round_nearest_even_matches_significance_cutoffs,1,10,50,1,0.05,1.644853627,3,7,0.6,1.4,provably_not_significant,Per-suite binary success rate over 10 tasks x 50 official trials.
LIBERO,goal,EnerVerse: Envisioning Embodied Future Space for Robotics Manipulation,leaderboards/stat_significance_sam_export_20260522T233929/sam_libero_official_prev_sota.csv,56,libero_goal,libero_goal_prev_sota,85,84.6,0.4,percent,423,425,423,425,0,0,python_round_nearest_even_matches_significance_cutoffs,2,10,50,1,0.05,1.644853627,3,20,0.6,4,provably_not_significant,Per-suite binary success rate over 10 tasks x 50 official trials.
LIBERO,goal,RESample: A Robust Data Augmentation Framework via Exploratory Sampling for Robotic Manipulation,leaderboards/stat_significance_sam_export_20260522T233929/sam_libero_official_prev_sota.csv,102,libero_goal,libero_goal_prev_sota,91.4,91.2,0.2,percent,456,457,456,457,0,0,python_round_nearest_even_matches_significance_cutoffs,1,10,50,1,0.05,1.644853627,3,15,0.6,3,provably_not_significant,Per-suite binary success rate over 10 tasks x 50 official trials.
LIBERO,goal,RoboNeuron: A Middle-Layer Infrastructure for Agent-Driven Orchestration in Embodied AI,leaderboards/stat_significance_sam_export_20260522T233929/sam_libero_official_prev_sota.csv,107,libero_goal,libero_goal_prev_sota,97.6,97.2,0.4,percent,486,488,486,488,0,0,python_round_nearest_even_matches_significance_cutoffs,2,10,50,1,0.05,1.644853627,3,8,0.6,1.6,provably_not_significant,Per-suite binary success rate over 10 tasks x 50 official trials.
LIBERO,goal,Spatial-Aware VLA Pretraining through Visual-Physical Alignment from Human Videos,leaderboards/stat_significance_sam_export_20260522T233929/sam_libero_official_prev_sota.csv,115,libero_goal,libero_goal_prev_sota,94.2,94,0.2,percent,470,471,470,471,0,5.684341886e-14,python_round_nearest_even_matches_significance_cutoffs,1,10,50,1,0.05,1.644853627,3,12,0.6,2.4,provably_not_significant,Per-suite binary success rate over 10 tasks x 50 official trials.
LIBERO,goal,VLA-Pruner: Temporal-Aware Dual-Level Visual Token Pruning for Efficient Vision-Language-Action Inference,leaderboards/stat_significance_sam_export_20260522T233929/sam_libero_official_prev_sota.csv,135,libero_goal,libero_goal_prev_sota,96.8,96.7,0.1,percent,483.5,484,484,484,-0.5,0,python_round_nearest_even_matches_significance_cutoffs,0,10,50,1,0.05,1.644853627,3,9,0.6,1.8,provably_not_significant,Per-suite binary success rate over 10 tasks x 50 official trials.
LIBERO,goal,CKT-WAM: Parameter-Efficient Context Knowledge Transfer Between World Action Models,leaderboards/stat_significance_sam_export_20260522T233929/sam_libero_official_prev_sota.csv,163,libero_goal,libero_goal_prev_sota,98.6,98.2,0.4,percent,491,493,491,493,0,0,python_round_nearest_even_matches_significance_cutoffs,2,10,50,1,0.05,1.644853627,3,6,0.6,1.2,provably_not_significant,Per-suite binary success rate over 10 tasks x 50 official trials.
LIBERO,goal,CORAL: Scalable Multi-Task Robot Learning via LoRA Experts,leaderboards/stat_significance_sam_export_20260522T233929/sam_libero_official_prev_sota.csv,168,libero_goal,libero_goal_prev_sota,99,98.6,0.4,percent,493,495,493,495,0,0,python_round_nearest_even_matches_significance_cutoffs,2,10,50,1,0.05,1.644853627,3,5,0.6,1,provably_not_significant,Per-suite binary success rate over 10 tasks x 50 official trials.
LIBERO,goal,Cosmos Policy: Fine-Tuning Video Models for Visuomotor Control and Planning,leaderboards/stat_significance_sam_export_20260522T233929/sam_libero_official_prev_sota.csv,170,libero_goal,libero_goal_prev_sota,98.2,98,0.2,percent,490,491,490,491,0,0,python_round_nearest_even_matches_significance_cutoffs,1,10,50,1,0.05,1.644853627,3,7,0.6,1.4,provably_not_significant,Per-suite binary success rate over 10 tasks x 50 official trials.
LIBERO,goal,Latent Bridge: Feature Delta Prediction for Efficient Dual-System Vision-Language-Action Model Inference,leaderboards/stat_significance_sam_export_20260522T233929/sam_libero_official_prev_sota.csv,204,libero_goal,libero_goal_prev_sota,97.33,97,0.33,percent,485,486.65,485,487,0,-0.35,python_round_nearest_even_matches_significance_cutoffs,2,10,50,1,0.05,1.644853627,3,8,0.6,1.6,provably_not_significant,Per-suite binary success rate over 10 tasks x 50 official trials.
LIBERO,goal,Learning to Accelerate Vision-Language-Action Models through Adaptive Visual Token Caching,leaderboards/stat_significance_sam_export_20260522T233929/sam_libero_official_prev_sota.csv,207,libero_goal,libero_goal_prev_sota,76.6,76.4,0.2,percent,382,383,382,383,0,-5.684341886e-14,python_round_nearest_even_matches_significance_cutoffs,1,10,50,1,0.05,1.644853627,3,25,0.6,5,provably_not_significant,Per-suite binary success rate over 10 tasks x 50 official trials.
LIBERO,goal,OmniVLA-RL: A Vision-Language-Action Model with Spatial Understanding and Online RL,leaderboards/stat_significance_sam_export_20260522T233929/sam_libero_official_prev_sota.csv,219,libero_goal,libero_goal_prev_sota,98.5,98,0.5,percent,490,492.5,490,492,0,0.5,python_round_nearest_even_matches_significance_cutoffs,2,10,50,1,0.05,1.644853627,3,7,0.6,1.4,provably_not_significant,Per-suite binary success rate over 10 tasks x 50 official trials.
LIBERO,goal,QuantVLA: Scale-Calibrated Post-Training Quantization for Vision-Language-Action Models,leaderboards/stat_significance_sam_export_20260522T233929/sam_libero_official_prev_sota.csv,227,libero_goal,libero_goal_prev_sota,98,97.5,0.5,percent,487.5,490,488,490,-0.5,0,python_round_nearest_even_matches_significance_cutoffs,2,10,50,1,0.05,1.644853627,3,7,0.6,1.4,provably_not_significant,Per-suite binary success rate over 10 tasks x 50 official trials.
LIBERO,goal,Restoring Linguistic Grounding in VLA Models via Train-Free Attention Recalibration,leaderboards/stat_significance_sam_export_20260522T233929/sam_libero_official_prev_sota.csv,232,libero_goal,libero_goal_prev_sota,98.2,98,0.2,percent,490,491,490,491,0,0,python_round_nearest_even_matches_significance_cutoffs,1,10,50,1,0.05,1.644853627,3,7,0.6,1.4,provably_not_significant,Per-suite binary success rate over 10 tasks x 50 official trials.
LIBERO,goal,"Rethinking Visual-Language-Action Model Scaling: Alignment, Mixture, and Regularization",leaderboards/stat_significance_sam_export_20260522T233929/sam_libero_official_prev_sota.csv,234,libero_goal,libero_goal_prev_sota,98.4,98,0.4,percent,490,492,490,492,0,5.684341886e-14,python_round_nearest_even_matches_significance_cutoffs,2,10,50,1,0.05,1.644853627,3,7,0.6,1.4,provably_not_significant,Per-suite binary success rate over 10 tasks x 50 official trials.
LIBERO,goal,SaiVLA-0: Cerebrum--Pons--Cerebellum Tripartite Architecture for Compute-Aware Vision-Language-Action,leaderboards/stat_significance_sam_export_20260522T233929/sam_libero_official_prev_sota.csv,241,libero_goal,libero_goal_prev_sota,98.2,98,0.2,percent,490,491,490,491,0,0,python_round_nearest_even_matches_significance_cutoffs,1,10,50,1,0.05,1.644853627,3,7,0.6,1.4,provably_not_significant,Per-suite binary success rate over 10 tasks x 50 official trials.
LIBERO,goal,"Say, Dream, and Act: Learning Video World Models for Instruction-Driven Robot Manipulation",leaderboards/stat_significance_sam_export_20260522T233929/sam_libero_official_prev_sota.csv,242,libero_goal,libero_goal_prev_sota,98.2,97.9,0.3,percent,489.5,491,490,491,-0.5,0,python_round_nearest_even_matches_significance_cutoffs,1,10,50,1,0.05,1.644853627,3,7,0.6,1.4,provably_not_significant,Per-suite binary success rate over 10 tasks x 50 official trials.
LIBERO,goal,ST-$π$: Structured SpatioTemporal VLA for Robotic Manipulation,leaderboards/stat_significance_sam_export_20260522T233929/sam_libero_official_prev_sota.csv,251,libero_goal,libero_goal_prev_sota,96.9,96.8,0.1,percent,484,484.5,484,485,0,-0.5,python_round_nearest_even_matches_significance_cutoffs,1,10,50,1,0.05,1.644853627,3,9,0.6,1.8,provably_not_significant,Per-suite binary success rate over 10 tasks x 50 official trials.
LIBERO,goal,StarVLA-$α$: Reducing Complexity in Vision-Language-Action Systems,leaderboards/stat_significance_sam_export_20260522T233929/sam_libero_official_prev_sota.csv,254,libero_goal,libero_goal_prev_sota,98.5,98,0.5,percent,490,492.5,490,492,0,0.5,python_round_nearest_even_matches_significance_cutoffs,2,10,50,1,0.05,1.644853627,3,7,0.6,1.4,provably_not_significant,Per-suite binary success rate over 10 tasks x 50 official trials.
LIBERO,goal,VLA-GSE: Boosting Parameter-Efficient Fine-Tuning in VLA with Generalized and Specialized Experts,leaderboards/stat_significance_sam_export_20260522T233929/sam_libero_official_prev_sota.csv,272,libero_goal,libero_goal_prev_sota,98.2,98,0.2,percent,490,491,490,491,0,0,python_round_nearest_even_matches_significance_cutoffs,1,10,50,1,0.05,1.644853627,3,7,0.6,1.4,provably_not_significant,Per-suite binary success rate over 10 tasks x 50 official trials.
LIBERO,goal,VLA-IAP: Training-Free Visual Token Pruning via Interaction Alignment for Vision-Language-Action Models,leaderboards/stat_significance_sam_export_20260522T233929/sam_libero_official_prev_sota.csv,273,libero_goal,libero_goal_prev_sota,98.4,98.3,0.1,percent,491.5,492,492,492,-0.5,5.684341886e-14,python_round_nearest_even_matches_significance_cutoffs,0,10,50,1,0.05,1.644853627,3,6,0.6,1.2,provably_not_significant,Per-suite binary success rate over 10 tasks x 50 official trials.
LIBERO,goal,Global Prior Meets Local Consistency: Dual-Memory Augmented Vision-Language-Action Model for Efficient Robotic Manipulation,leaderboards/stat_significance_sam_export_20260522T233929/sam_libero_official_prev_sota.csv,291,libero_goal,libero_goal_prev_sota,98.4,98,0.4,percent,490,492,490,492,0,5.684341886e-14,python_round_nearest_even_matches_significance_cutoffs,2,10,50,1,0.05,1.644853627,3,7,0.6,1.4,provably_not_significant,Per-suite binary success rate over 10 tasks x 50 official trials.
LIBERO,goal,Much Ado About Noising: Dispelling the Myths of Generative Robotic Control,leaderboards/stat_significance_sam_export_20260522T233929/sam_libero_official_prev_sota.csv,297,libero_goal,libero_goal_prev_sota,95.2,95,0.2,percent,475,476,475,476,0,5.684341886e-14,python_round_nearest_even_matches_significance_cutoffs,1,10,50,1,0.05,1.644853627,3,11,0.6,2.2,provably_not_significant,Per-suite binary success rate over 10 tasks x 50 official trials.
LIBERO,goal,3D CAVLA: Leveraging Depth and 3D Context to Generalize Vision Language Action Models for Unseen Tasks,leaderboards/stat_significance_sam_export_20260522T233929/sam_libero_official_prev_sota.csv,300,libero_goal,libero_goal_prev_sota,98.2,97.9,0.3,percent,489.5,491,490,491,-0.5,0,python_round_nearest_even_matches_significance_cutoffs,1,10,50,1,0.05,1.644853627,3,7,0.6,1.4,provably_not_significant,Per-suite binary success rate over 10 tasks x 50 official trials.
LIBERO,goal,IntentVLA: Short-Horizon Intent Modeling for Aliased Robot Manipulation,leaderboards/stat_significance_sam_export_20260522T233929/sam_libero_official_prev_sota.csv,302,libero_goal,libero_goal_prev_sota,98.1,98,0.1,percent,490,490.5,490,490,0,0.5,python_round_nearest_even_matches_significance_cutoffs,0,10,50,1,0.05,1.644853627,3,7,0.6,1.4,provably_not_significant,Per-suite binary success rate over 10 tasks x 50 official trials.
LIBERO,goal,FrameSkip: Learning from Fewer but More Informative Frames in VLA Training,leaderboards/stat_significance_sam_export_20260522T233929/sam_libero_official_prev_sota.csv,304,libero_goal,libero_goal_prev_sota,98.2,98,0.2,percent,490,491,490,491,0,0,python_round_nearest_even_matches_significance_cutoffs,1,10,50,1,0.05,1.644853627,3,7,0.6,1.4,provably_not_significant,Per-suite binary success rate over 10 tasks x 50 official trials.
LIBERO,goal,"Guide, Think, Act: Interactive Embodied Reasoning in Vision-Language-Action Models",leaderboards/stat_significance_sam_export_20260522T233929/sam_libero_official_prev_sota.csv,306,libero_goal,libero_goal_prev_sota,98.4,98,0.4,percent,490,492,490,492,0,5.684341886e-14,python_round_nearest_even_matches_significance_cutoffs,2,10,50,1,0.05,1.644853627,3,7,0.6,1.4,provably_not_significant,Per-suite binary success rate over 10 tasks x 50 official trials.
LIBERO,goal,Beyond World-Frame Action Heads: Motion-Centric Action Frames for Vision-Language-Action Models,leaderboards/stat_significance_sam_export_20260522T233929/sam_libero_official_prev_sota.csv,308,libero_goal,libero_goal_prev_sota,98.4,97.9,0.5,percent,489.5,492,490,492,-0.5,5.684341886e-14,python_round_nearest_even_matches_significance_cutoffs,2,10,50,1,0.05,1.644853627,3,7,0.6,1.4,provably_not_significant,Per-suite binary success rate over 10 tasks x 50 official trials.
LIBERO,goal,Learning Action Manifold with Multi-view Latent Priors for Robotic Manipulation,leaderboards/stat_significance_sam_export_20260522T233929/sam_libero_official_prev_sota.csv,309,libero_goal,libero_goal_prev_sota,99,98.8,0.2,percent,494,495,494,495,0,0,python_round_nearest_even_matches_significance_cutoffs,1,10,50,1,0.05,1.644853627,3,5,0.6,1,provably_not_significant,Per-suite binary success rate over 10 tasks x 50 official trials.
LIBERO,goal,LoopVLA: Learning Sufficiency in Recurrent Refinement for Vision-Language-Action Models,leaderboards/stat_significance_sam_export_20260522T233929/sam_libero_official_prev_sota.csv,317,libero_goal,libero_goal_prev_sota,97.4,97.2,0.2,percent,486,487,486,487,0,5.684341886e-14,python_round_nearest_even_matches_significance_cutoffs,1,10,50,1,0.05,1.644853627,3,8,0.6,1.6,provably_not_significant,Per-suite binary success rate over 10 tasks x 50 official trials.
LIBERO,goal,Failing Forward: Adaptive Failure-Informed Learning for Vision-Language-Action Models,leaderboards/stat_significance_sam_export_20260522T233929/sam_libero_official_prev_sota.csv,321,libero_goal,libero_goal_prev_sota,98.1,98,0.1,percent,490,490.5,490,490,0,0.5,python_round_nearest_even_matches_significance_cutoffs,0,10,50,1,0.05,1.644853627,3,7,0.6,1.4,provably_not_significant,Per-suite binary success rate over 10 tasks x 50 official trials.
LIBERO,long10,Compressor-VLA: Instruction-Guided Visual Token Compression for Efficient Robotic Manipulation,leaderboards/stat_significance_sam_export_20260522T233929/sam_libero_official_prev_sota.csv,35,libero_long10,libero_long10_prev_sota,94.8,94.5,0.3,percent,472.5,474,472,474,0.5,0,python_round_nearest_even_matches_significance_cutoffs,2,10,50,1,0.05,1.644853627,3,12,0.6,2.4,provably_not_significant,Per-suite binary success rate over 10 tasks x 50 official trials.
LIBERO,long10,dVLA: Diffusion Vision-Language-Action Model with Multimodal Chain-of-Thought,leaderboards/stat_significance_sam_export_20260522T233929/sam_libero_official_prev_sota.csv,52,libero_long10,libero_long10_prev_sota,92.2,92,0.2,percent,460,461,460,461,0,0,python_round_nearest_even_matches_significance_cutoffs,1,10,50,1,0.05,1.644853627,3,14,0.6,2.8,provably_not_significant,Per-suite binary success rate over 10 tasks x 50 official trials.
LIBERO,long10,HiMoE-VLA: Hierarchical Mixture-of-Experts for Generalist Vision-Language-Action Policies,leaderboards/stat_significance_sam_export_20260522T233929/sam_libero_official_prev_sota.csv,73,libero_long10,libero_long10_prev_sota,94.8,94.5,0.3,percent,472.5,474,472,474,0.5,0,python_round_nearest_even_matches_significance_cutoffs,2,10,50,1,0.05,1.644853627,3,12,0.6,2.4,provably_not_significant,Per-suite binary success rate over 10 tasks x 50 official trials.
LIBERO,long10,Mantis: A Versatile Vision-Language-Action Model with Disentangled Visual Foresight,leaderboards/stat_significance_sam_export_20260522T233929/sam_libero_official_prev_sota.csv,89,libero_long10,libero_long10_prev_sota,94.2,94,0.2,percent,470,471,470,471,0,5.684341886e-14,python_round_nearest_even_matches_significance_cutoffs,1,10,50,1,0.05,1.644853627,3,12,0.6,2.4,provably_not_significant,Per-suite binary success rate over 10 tasks x 50 official trials.
LIBERO,long10,SemanticVLA: Semantic-Aligned Sparsification and Enhancement for Efficient Robotic Manipulation,leaderboards/stat_significance_sam_export_20260522T233929/sam_libero_official_prev_sota.csv,112,libero_long10,libero_long10_prev_sota,94.8,94.5,0.3,percent,472.5,474,472,474,0.5,0,python_round_nearest_even_matches_significance_cutoffs,2,10,50,1,0.05,1.644853627,3,12,0.6,2.4,provably_not_significant,Per-suite binary success rate over 10 tasks x 50 official trials.
LIBERO,long10,Unified Diffusion VLA: Vision-Language-Action Model via Joint Discrete Denoising Diffusion Process,leaderboards/stat_significance_sam_export_20260522T233929/sam_libero_official_prev_sota.csv,126,libero_long10,libero_long10_prev_sota,89.6,89.5,0.1,percent,447.5,448,448,448,-0.5,-5.684341886e-14,python_round_nearest_even_matches_significance_cutoffs,0,10,50,1,0.05,1.644853627,3,16,0.6,3.2,provably_not_significant,Per-suite binary success rate over 10 tasks x 50 official trials.
LIBERO,long10,CKT-WAM: Parameter-Efficient Context Knowledge Transfer Between World Action Models,leaderboards/stat_significance_sam_export_20260522T233929/sam_libero_official_prev_sota.csv,163,libero_long10,libero_long10_prev_sota,97.8,97.6,0.2,percent,488,489,488,489,0,0,python_round_nearest_even_matches_significance_cutoffs,1,10,50,1,0.05,1.644853627,3,7,0.6,1.4,provably_not_significant,Per-suite binary success rate over 10 tasks x 50 official trials.
LIBERO,long10,Conservative Offline Robot Policy Learning via Posterior-Transition Reweighting,leaderboards/stat_significance_sam_export_20260522T233929/sam_libero_official_prev_sota.csv,166,libero_long10,libero_long10_prev_sota,97,96.8,0.2,percent,484,485,484,485,0,0,python_round_nearest_even_matches_significance_cutoffs,1,10,50,1,0.05,1.644853627,3,9,0.6,1.8,provably_not_significant,Per-suite binary success rate over 10 tasks x 50 official trials.
LIBERO,long10,Fast-dVLA: Accelerating Discrete Diffusion VLA to Real-Time Performance,leaderboards/stat_significance_sam_export_20260522T233929/sam_libero_official_prev_sota.csv,182,libero_long10,libero_long10_prev_sota,92.8,92.4,0.4,percent,462,464,462,464,0,-5.684341886e-14,python_round_nearest_even_matches_significance_cutoffs,2,10,50,1,0.05,1.644853627,3,14,0.6,2.8,provably_not_significant,Per-suite binary success rate over 10 tasks x 50 official trials.
LIBERO,long10,MMaDA-VLA: Large Diffusion Vision-Language-Action Model with Unified Multi-Modal Instruction and Generation,leaderboards/stat_significance_sam_export_20260522T233929/sam_libero_official_prev_sota.csv,212,libero_long10,libero_long10_prev_sota,95.2,95,0.2,percent,475,476,475,476,0,5.684341886e-14,python_round_nearest_even_matches_significance_cutoffs,1,10,50,1,0.05,1.644853627,3,11,0.6,2.2,provably_not_significant,Per-suite binary success rate over 10 tasks x 50 official trials.
LIBERO,long10,OFlow: Injecting Object-Aware Temporal Flow Matching for Robust Robotic Manipulation,leaderboards/stat_significance_sam_export_20260522T233929/sam_libero_official_prev_sota.csv,218,libero_long10,libero_long10_prev_sota,94.5,94,0.5,percent,470,472.5,470,472,0,0.5,python_round_nearest_even_matches_significance_cutoffs,2,10,50,1,0.05,1.644853627,3,12,0.6,2.4,provably_not_significant,Per-suite binary success rate over 10 tasks x 50 official trials.
LIBERO,long10,ReViP: Mitigating False Completion in Vision-Language-Action Models with Vision-Proprioception Rebalance,leaderboards/stat_significance_sam_export_20260522T233929/sam_libero_official_prev_sota.csv,235,libero_long10,libero_long10_prev_sota,92.2,92,0.2,percent,460,461,460,461,0,0,python_round_nearest_even_matches_significance_cutoffs,1,10,50,1,0.05,1.644853627,3,14,0.6,2.8,provably_not_significant,Per-suite binary success rate over 10 tasks x 50 official trials.
LIBERO,long10,ROCKET: Residual-Oriented Multi-Layer Alignment for Spatially-Aware Vision-Language-Action Models,leaderboards/stat_significance_sam_export_20260522T233929/sam_libero_official_prev_sota.csv,240,libero_long10,libero_long10_prev_sota,97,96.6,0.4,percent,483,485,483,485,0,0,python_round_nearest_even_matches_significance_cutoffs,2,10,50,1,0.05,1.644853627,3,9,0.6,1.8,provably_not_significant,Per-suite binary success rate over 10 tasks x 50 official trials.
LIBERO,long10,TempoFit: Plug-and-Play Layer-Wise Temporal KV Memory for Long-Horizon Vision-Language-Action Manipulation,leaderboards/stat_significance_sam_export_20260522T233929/sam_libero_official_prev_sota.csv,258,libero_long10,libero_long10_prev_sota,96.6,96.4,0.2,percent,482,483,482,483,5.684341886e-14,0,python_round_nearest_even_matches_significance_cutoffs,1,10,50,1,0.05,1.644853627,3,9,0.6,1.8,provably_not_significant,Per-suite binary success rate over 10 tasks x 50 official trials.
LIBERO,long10,VLA-IAP: Training-Free Visual Token Pruning via Interaction Alignment for Vision-Language-Action Models,leaderboards/stat_significance_sam_export_20260522T233929/sam_libero_official_prev_sota.csv,273,libero_long10,libero_long10_prev_sota,95.6,95.4,0.2,percent,477,478,477,478,5.684341886e-14,0,python_round_nearest_even_matches_significance_cutoffs,1,10,50,1,0.05,1.644853627,3,10,0.6,2,provably_not_significant,Per-suite binary success rate over 10 tasks x 50 official trials.
LIBERO,long10,World2Act: Latent Action Post-Training via Skill-Compositional World Models,leaderboards/stat_significance_sam_export_20260522T233929/sam_libero_official_prev_sota.csv,281,libero_long10,libero_long10_prev_sota,98,97.6,0.4,percent,488,490,488,490,0,0,python_round_nearest_even_matches_significance_cutoffs,2,10,50,1,0.05,1.644853627,3,7,0.6,1.4,provably_not_significant,Per-suite binary success rate over 10 tasks x 50 official trials.
LIBERO,long10,Premover: Fast Vision-Language-Action Control by Acting Before Instructions Are Complete,leaderboards/stat_significance_sam_export_20260522T233929/sam_libero_official_prev_sota.csv,311,libero_long10,libero_long10_prev_sota,88.9,88.3,0.6,percent,441.5,444.5,442,444,-0.5,0.5,python_round_nearest_even_matches_significance_cutoffs,2,10,50,1,0.05,1.644853627,3,17,0.6,3.4,provably_not_significant,Per-suite binary success rate over 10 tasks x 50 official trials.
SimplerEnv,widowx_bridge,Chain of World: World Model Thinking in Latent Motion,leaderboards/stat_significance_sam_export_20260522T233929/sam_simplerenv_widowx_bridge_official_prev_sota.csv,8,simplerenv_widowx_bridge_success_rate,simplerenv_widowx_bridge_prev_sota_success_rate,76,74,2,percent,71.04,72.96,71,73,0.04,-0.04,python_round_nearest_even_matches_significance_cutoffs,2,1,96,1,0.05,1.644853627,3,11,3.125,11.45833333,provably_not_significant,Protocol-level binary success rate over 4 tasks x 24 trials; per-task scores are not used in this public aggregate audit.
SimplerEnv,widowx_bridge,ConLA: Contrastive Latent Action Learning from Human Videos for Robotic Manipulation,leaderboards/stat_significance_sam_export_20260522T233929/sam_simplerenv_widowx_bridge_official_prev_sota.csv,9,simplerenv_widowx_bridge_success_rate,simplerenv_widowx_bridge_prev_sota_success_rate,64.6,63.5,1.1,percent,60.96,62.016,61,62,-0.04,0.016,python_round_nearest_even_matches_significance_cutoffs,1,1,96,1,0.05,1.644853627,3,13,3.125,13.54166667,provably_not_significant,Protocol-level binary success rate over 4 tasks x 24 trials; per-task scores are not used in this public aggregate audit.
SimplerEnv,widowx_bridge,CORAL: Scalable Multi-Task Robot Learning via LoRA Experts,leaderboards/stat_significance_sam_export_20260522T233929/sam_simplerenv_widowx_bridge_official_prev_sota.csv,10,simplerenv_widowx_bridge_success_rate,simplerenv_widowx_bridge_prev_sota_success_rate,97.9,95.8,2.1,percent,91.968,93.984,92,94,-0.032,-0.016,python_round_nearest_even_matches_significance_cutoffs,2,1,96,1,0.05,1.644853627,3,4,3.125,4.166666667,provably_not_significant,Protocol-level binary success rate over 4 tasks x 24 trials; per-task scores are not used in this public aggregate audit.
SimplerEnv,widowx_bridge,StarVLA: A Lego-like Codebase for Vision-Language-Action Model Developing,leaderboards/stat_significance_sam_export_20260522T233929/sam_simplerenv_widowx_bridge_official_prev_sota.csv,29,simplerenv_widowx_bridge_success_rate,simplerenv_widowx_bridge_prev_sota_success_rate,70.2,67.8,2.4,percent,65.088,67.392,65,67,0.088,0.392,python_round_nearest_even_matches_significance_cutoffs,2,1,96,1,0.05,1.644853627,3,12,3.125,12.5,provably_not_significant,Protocol-level binary success rate over 4 tasks x 24 trials; per-task scores are not used in this public aggregate audit.
SimplerEnv,widowx_bridge,StarVLA-$\alpha$: Reducing Complexity in Vision-Language-Action Systems,leaderboards/stat_significance_sam_export_20260522T233929/sam_simplerenv_widowx_bridge_official_prev_sota.csv,30,simplerenv_widowx_bridge_success_rate,simplerenv_widowx_bridge_prev_sota_success_rate,64.6,62,2.6,percent,59.52,62.016,60,62,-0.48,0.016,python_round_nearest_even_matches_significance_cutoffs,2,1,96,1,0.05,1.644853627,3,13,3.125,13.54166667,provably_not_significant,Protocol-level binary success rate over 4 tasks x 24 trials; per-task scores are not used in this public aggregate audit.
SimplerEnv,widowx_bridge,VP-VLA: Visual Prompting as an Interface for Vision-Language-Action Models,leaderboards/stat_significance_sam_export_20260522T233929/sam_simplerenv_widowx_bridge_official_prev_sota.csv,36,simplerenv_widowx_bridge_success_rate,simplerenv_widowx_bridge_prev_sota_success_rate,58.3,57.1,1.2,percent,54.816,55.968,55,56,-0.184,-0.032,python_round_nearest_even_matches_significance_cutoffs,1,1,96,1,0.05,1.644853627,3,14,3.125,14.58333333,provably_not_significant,Protocol-level binary success rate over 4 tasks x 24 trials; per-task scores are not used in this public aggregate audit.
SimplerEnv,widowx_bridge,World Guidance: World Modeling in Condition Space for Action Generation,leaderboards/stat_significance_sam_export_20260522T233929/sam_simplerenv_widowx_bridge_official_prev_sota.csv,37,simplerenv_widowx_bridge_success_rate,simplerenv_widowx_bridge_prev_sota_success_rate,63.5,62.5,1,percent,60,60.96,60,61,0,-0.04,python_round_nearest_even_matches_significance_cutoffs,1,1,96,1,0.05,1.644853627,3,13,3.125,13.54166667,provably_not_significant,Protocol-level binary success rate over 4 tasks x 24 trials; per-task scores are not used in this public aggregate audit.
SimplerEnv,widowx_bridge,BLURR: A Boosted Low-Resource Inference for Vision-Language-Action Models,leaderboards/stat_significance_sam_export_20260522T233929/sam_simplerenv_widowx_bridge_official_prev_sota.csv,41,simplerenv_widowx_bridge_success_rate,simplerenv_widowx_bridge_prev_sota_success_rate,71,70,1,percent,67.2,68.16,67,68,0.2,0.16,python_round_nearest_even_matches_significance_cutoffs,1,1,96,1,0.05,1.644853627,3,12,3.125,12.5,provably_not_significant,Protocol-level binary success rate over 4 tasks x 24 trials; per-task scores are not used in this public aggregate audit.
SimplerEnv,widowx_bridge,Discrete Diffusion VLA: Bringing Discrete Diffusion to Action Decoding in Vision-Language-Action Policies,leaderboards/stat_significance_sam_export_20260522T233929/sam_simplerenv_widowx_bridge_official_prev_sota.csv,48,simplerenv_widowx_bridge_success_rate,simplerenv_widowx_bridge_prev_sota_success_rate,37.5,36.5,1,percent,35.04,36,35,36,0.04,0,python_round_nearest_even_matches_significance_cutoffs,1,1,96,1,0.05,1.644853627,3,16,3.125,16.66666667,provably_not_significant,Protocol-level binary success rate over 4 tasks x 24 trials; per-task scores are not used in this public aggregate audit.
SimplerEnv,widowx_bridge,DualVLA: Building a Generalizable Embodied Agent via Partial Decoupling of Reasoning and Action,leaderboards/stat_significance_sam_export_20260522T233929/sam_simplerenv_widowx_bridge_official_prev_sota.csv,50,simplerenv_widowx_bridge_success_rate,simplerenv_widowx_bridge_prev_sota_success_rate,36.1,34.8,1.3,percent,33.408,34.656,33,35,0.408,-0.344,python_round_nearest_even_matches_significance_cutoffs,2,1,96,1,0.05,1.644853627,3,15,3.125,15.625,provably_not_significant,Protocol-level binary success rate over 4 tasks x 24 trials; per-task scores are not used in this public aggregate audit.
SimplerEnv,widowx_bridge,Embodied-R1: Reinforced Embodied Reasoning for General Robotic Manipulation,leaderboards/stat_significance_sam_export_20260522T233929/sam_simplerenv_widowx_bridge_official_prev_sota.csv,51,simplerenv_widowx_bridge_success_rate,simplerenv_widowx_bridge_prev_sota_success_rate,56.2,53.8,2.4,percent,51.648,53.952,52,54,-0.352,-0.048,python_round_nearest_even_matches_significance_cutoffs,2,1,96,1,0.05,1.644853627,3,15,3.125,15.625,provably_not_significant,Protocol-level binary success rate over 4 tasks x 24 trials; per-task scores are not used in this public aggregate audit.
SimplerEnv,widowx_bridge,Hierarchical Vision Language Action Model Using Success and Failure Demonstrations,leaderboards/stat_significance_sam_export_20260522T233929/sam_simplerenv_widowx_bridge_official_prev_sota.csv,62,simplerenv_widowx_bridge_success_rate,simplerenv_widowx_bridge_prev_sota_success_rate,40.6,38.9,1.7,percent,37.344,38.976,37,39,0.344,-0.024,python_round_nearest_even_matches_significance_cutoffs,2,1,96,1,0.05,1.644853627,3,16,3.125,16.66666667,provably_not_significant,Protocol-level binary success rate over 4 tasks x 24 trials; per-task scores are not used in this public aggregate audit.
SimplerEnv,widowx_bridge,Interleave-VLA: Enhancing Robot Manipulation with Interleaved Image-Text Instructions,leaderboards/stat_significance_sam_export_20260522T233929/sam_simplerenv_widowx_bridge_official_prev_sota.csv,66,simplerenv_widowx_bridge_success_rate,simplerenv_widowx_bridge_prev_sota_success_rate,71,69.2,1.8,percent,66.432,68.16,66,68,0.432,0.16,python_round_nearest_even_matches_significance_cutoffs,2,1,96,1,0.05,1.644853627,3,12,3.125,12.5,provably_not_significant,Protocol-level binary success rate over 4 tasks x 24 trials; per-task scores are not used in this public aggregate audit.
SimplerEnv,widowx_bridge,ORV: 4D Occupancy-centric Robot Video Generation,leaderboards/stat_significance_sam_export_20260522T233929/sam_simplerenv_widowx_bridge_official_prev_sota.csv,76,simplerenv_widowx_bridge_success_rate,simplerenv_widowx_bridge_prev_sota_success_rate,38.5,36.2,2.3,percent,34.752,36.96,35,37,-0.248,-0.04,python_round_nearest_even_matches_significance_cutoffs,2,1,96,1,0.05,1.644853627,3,16,3.125,16.66666667,provably_not_significant,Protocol-level binary success rate over 4 tasks x 24 trials; per-task scores are not used in this public aggregate audit.
SimplerEnv,widowx_bridge,Unifying Perception and Action: A Hybrid-Modality Pipeline with Implicit Visual Chain-of-Thought for Robotic Action Generation,leaderboards/stat_significance_sam_export_20260522T233929/sam_simplerenv_widowx_bridge_official_prev_sota.csv,95,simplerenv_widowx_bridge_success_rate,simplerenv_widowx_bridge_prev_sota_success_rate,71.5,69.8,1.7,percent,67.008,68.64,67,69,0.008,-0.36,python_round_nearest_even_matches_significance_cutoffs,2,1,96,1,0.05,1.644853627,3,12,3.125,12.5,provably_not_significant,Protocol-level binary success rate over 4 tasks x 24 trials; per-task scores are not used in this public aggregate audit.
SimplerEnv,widowx_bridge,villa-X: Enhancing Latent Action Modeling in Vision-Language-Action Models,leaderboards/stat_significance_sam_export_20260522T233929/sam_simplerenv_widowx_bridge_official_prev_sota.csv,99,simplerenv_widowx_bridge_success_rate,simplerenv_widowx_bridge_prev_sota_success_rate,62.5,62,0.5,percent,59.52,60,60,60,-0.48,0,python_round_nearest_even_matches_significance_cutoffs,0,1,96,1,0.05,1.644853627,3,13,3.125,13.54166667,provably_not_significant,Protocol-level binary success rate over 4 tasks x 24 trials; per-task scores are not used in this public aggregate audit.
